stock_code,stock_name,n_daily_rows,first_date,last_date,missing_ratio,download_success
000011,深物业A,95,2026-01-05,2026-05-29,0.1121,True
000014,沙河股份,95,2026-01-05,2026-05-29,0.1121,True
000017,深中华A,95,2026-01-05,2026-05-29,0.1121,True
000025,特力A,95,2026-01-05,2026-05-29,0.1121,True
000026,飞亚达,95,2026-01-05,2026-05-29,0.1121,True
000036,华联控股,95,2026-01-05,2026-05-29,0.1121,True
000037,深南电A,95,2026-01-05,2026-05-29,0.1121,True
000042,中洲控股,95,2026-01-05,2026-05-29,0.1121,True
000045,深纺织A,95,2026-01-05,2026-05-29,0.1121,True
000068,华控赛格,95,2026-01-05,2026-05-29,0.1121,True
000070,特发信息,95,2026-01-05,2026-05-29,0.1121,True
000090,天健集团,95,2026-01-05,2026-05-29,0.1121,True
000096,广聚能源,95,2026-01-05,2026-05-29,0.1121,True
000151,中成股份,95,2026-01-05,2026-05-29,0.1121,True
000153,丰原药业,95,2026-01-05,2026-05-29,0.1121,True
000159,国际实业,95,2026-01-05,2026-05-29,0.1121,True
000404,长虹华意,95,2026-01-05,2026-05-29,0.1121,True
000407,胜利股份,95,2026-01-05,2026-05-29,0.1121,True
000409,云鼎科技,95,2026-01-05,2026-05-29,0.1121,True
000417,合百集团,95,2026-01-05,2026-05-29,0.1121,True
000419,通程控股,95,2026-01-05,2026-05-29,0.1121,True
000421,南京公用,95,2026-01-05,2026-05-29,0.1121,True
000428,华天酒店,95,2026-01-05,2026-05-29,0.1121,True
000501,武商集团,95,2026-01-05,2026-05-29,0.1121,True
000505,京粮控股,95,2026-01-05,2026-05-29,0.1121,True
000506,招金黄金,95,2026-01-05,2026-05-29,0.1121,True
000507,珠海港,95,2026-01-05,2026-05-29,0.1121,True
000509,华塑控股,95,2026-01-05,2026-05-29,0.1121,True
000510,新金路,95,2026-01-05,2026-05-29,0.1121,True
000514,渝开发,95,2026-01-05,2026-05-29,0.1121,True
000517,荣安地产,95,2026-01-05,2026-05-29,0.1121,True
000520,凤凰航运,95,2026-01-05,2026-05-29,0.1121,True
000521,长虹美菱,95,2026-01-05,2026-05-29,0.1121,True
000523,红棉股份,95,2026-01-05,2026-05-29,0.1121,True
000524,岭南控股,95,2026-01-05,2026-05-29,0.1121,True
000526,学大教育,95,2026-01-05,2026-05-29,0.1121,True
000530,冰山冷热,95,2026-01-05,2026-05-29,0.1121,True
000531,穗恒运A,95,2026-01-05,2026-05-29,0.1121,True
000532,华金资本,95,2026-01-05,2026-05-29,0.1121,True
000533,顺钠股份,95,2026-01-05,2026-05-29,0.1121,True
000534,万泽股份,95,2026-01-05,2026-05-29,0.1121,True
000541,佛山照明,95,2026-01-05,2026-05-29,0.1121,True
000548,湖南投资,95,2026-01-05,2026-05-29,0.1121,True
000551,创元科技,95,2026-01-05,2026-05-29,0.1121,True
000554,泰山石油,95,2026-01-05,2026-05-29,0.1121,True
000558,天府文旅,95,2026-01-05,2026-05-29,0.1121,True
000560,我爱我家,95,2026-01-05,2026-05-29,0.1121,True
000561,烽火电子,95,2026-01-05,2026-05-29,0.1121,True
000565,渝三峡A,95,2026-01-05,2026-05-29,0.1121,True
000570,苏常柴A,95,2026-01-05,2026-05-29,0.1121,True
000576,甘化科工,95,2026-01-05,2026-05-29,0.1121,True
000592,平潭发展,95,2026-01-05,2026-05-29,0.1121,True
000601,韶能股份,95,2026-01-05,2026-05-29,0.1121,True
000607,华媒控股,95,2026-01-05,2026-05-29,0.1121,True
000635,英 力 特,95,2026-01-05,2026-05-29,0.1121,True
000652,泰达股份,95,2026-01-05,2026-05-29,0.1121,True
000655,金岭矿业,95,2026-01-05,2026-05-29,0.1121,True
000659,珠海中富,93,2026-01-05,2026-05-29,0.1308,True
000670,盈方微,85,2026-01-05,2026-05-29,0.2056,True
000700,模塑科技,95,2026-01-05,2026-05-29,0.1121,True
000701,厦门信达,95,2026-01-05,2026-05-29,0.1121,True
000705,浙江震元,95,2026-01-05,2026-05-29,0.1121,True
000707,双环科技,95,2026-01-05,2026-05-29,0.1121,True
000710,贝瑞基因,95,2026-01-05,2026-05-29,0.1121,True
000713,国投丰乐,95,2026-01-05,2026-05-29,0.1121,True
000715,中兴商业,95,2026-01-05,2026-05-29,0.1121,True
000716,黑芝麻,95,2026-01-05,2026-05-29,0.1121,True
000717,中南股份,95,2026-01-05,2026-05-29,0.1121,True
000718,苏宁环球,95,2026-01-05,2026-05-29,0.1121,True
000721,西安饮食,95,2026-01-05,2026-05-29,0.1121,True
000722,湖南发展,95,2026-01-05,2026-05-29,0.1121,True
000726,鲁  泰A,95,2026-01-05,2026-05-29,0.1121,True
000731,四川美丰,95,2026-01-05,2026-05-29,0.1121,True
000751,锌业股份,95,2026-01-05,2026-05-29,0.1121,True
000753,漳州发展,95,2026-01-05,2026-05-29,0.1121,True
000759,中百集团,95,2026-01-05,2026-05-29,0.1121,True
000777,中核科技,95,2026-01-05,2026-05-29,0.1121,True
000779,甘咨询,95,2026-01-05,2026-05-29,0.1121,True
000782,恒申新材,95,2026-01-05,2026-05-29,0.1121,True
000788,北大医药,95,2026-01-05,2026-05-29,0.1121,True
000797,中国武夷,95,2026-01-05,2026-05-29,0.1121,True
000798,中水渔业,95,2026-01-05,2026-05-29,0.1121,True
000803,山高环能,95,2026-01-05,2026-05-29,0.1121,True
000812,陕西金叶,95,2026-01-05,2026-05-29,0.1121,True
000815,美利云,95,2026-01-05,2026-05-29,0.1121,True
000816,智慧农业,95,2026-01-05,2026-05-29,0.1121,True
000819,岳阳兴长,95,2026-01-05,2026-05-29,0.1121,True
000822,山东海化,95,2026-01-05,2026-05-29,0.1121,True
000823,超声电子,95,2026-01-05,2026-05-29,0.1121,True
000850,华茂股份,95,2026-01-05,2026-05-29,0.1121,True
000852,石化机械,95,2026-01-05,2026-05-29,0.1121,True
000859,国风新材,95,2026-01-05,2026-05-29,0.1121,True
000862,银星能源,95,2026-01-05,2026-05-29,0.1121,True
000863,三湘印象,95,2026-01-05,2026-05-29,0.1121,True
000868,安凯客车,95,2026-01-05,2026-05-29,0.1121,True
000882,华联股份,95,2026-01-05,2026-05-29,0.1121,True
000886,海南高速,95,2026-01-05,2026-05-29,0.1121,True
000888,峨眉山A,95,2026-01-05,2026-05-29,0.1121,True
000892,欢瑞世纪,95,2026-01-05,2026-05-29,0.1121,True
000897,津滨发展,95,2026-01-05,2026-05-29,0.1121,True
000900,现代投资,95,2026-01-05,2026-05-29,0.1121,True
000905,厦门港务,95,2026-01-05,2026-05-29,0.1121,True
000906,浙商中拓,95,2026-01-05,2026-05-29,0.1121,True
000912,泸天化,95,2026-01-05,2026-05-29,0.1121,True
000915,华特达因,95,2026-01-05,2026-05-29,0.1121,True
000919,金陵药业,95,2026-01-05,2026-05-29,0.1121,True
000920,沃顿科技,95,2026-01-05,2026-05-29,0.1121,True
000922,佳电股份,95,2026-01-05,2026-05-29,0.1121,True
000925,众合科技,95,2026-01-05,2026-05-29,0.1121,True
000926,福星股份,95,2026-01-05,2026-05-29,0.1121,True
000931,中关村,95,2026-01-05,2026-05-29,0.1121,True
000936,华西股份,95,2026-01-05,2026-05-29,0.1121,True
000948,南天信息,95,2026-01-05,2026-05-29,0.1121,True
000949,新乡化纤,95,2026-01-05,2026-05-29,0.1121,True
000957,中通客车,95,2026-01-05,2026-05-29,0.1121,True
000962,东方钽业,95,2026-01-05,2026-05-29,0.1121,True
000965,天保基建,95,2026-01-05,2026-05-29,0.1121,True
000968,蓝焰控股,95,2026-01-05,2026-05-29,0.1121,True
000973,佛塑科技,95,2026-01-05,2026-05-29,0.1121,True
000978,桂林旅游,95,2026-01-05,2026-05-29,0.1121,True
000989,九芝堂,95,2026-01-05,2026-05-29,0.1121,True
000993,闽东电力,95,2026-01-05,2026-05-29,0.1121,True
001205,盛航股份,95,2026-01-05,2026-05-29,0.1121,True
001206,依依股份,95,2026-01-05,2026-05-29,0.1121,True
001207,联科科技,95,2026-01-05,2026-05-29,0.1121,True
001208,华菱线缆,95,2026-01-05,2026-05-29,0.1121,True
001212,中旗新材,95,2026-01-05,2026-05-29,0.1121,True
001215,千味央厨,95,2026-01-05,2026-05-29,0.1121,True
001216,华瓷股份,95,2026-01-05,2026-05-29,0.1121,True
001217,华尔泰,95,2026-01-05,2026-05-29,0.1121,True
001219,青岛食品,95,2026-01-05,2026-05-29,0.1121,True
001222,源飞宠物,95,2026-01-05,2026-05-29,0.1121,True
001223,欧克科技,95,2026-01-05,2026-05-29,0.1121,True
001229,魅视科技,95,2026-01-05,2026-05-29,0.1121,True
001239,永达股份,95,2026-01-05,2026-05-29,0.1121,True
001256,炜冈科技,95,2026-01-05,2026-05-29,0.1121,True
001258,立新能源,95,2026-01-05,2026-05-29,0.1121,True
001266,宏英智能,95,2026-01-05,2026-05-29,0.1121,True
001267,汇绿生态,95,2026-01-05,2026-05-29,0.1121,True
001277,速达股份,95,2026-01-05,2026-05-29,0.1121,True
001279,强邦新材,95,2026-01-05,2026-05-29,0.1121,True
001282,三联锻造,95,2026-01-05,2026-05-29,0.1121,True
001283,豪鹏科技,95,2026-01-05,2026-05-29,0.1121,True
001288,运机集团,95,2026-01-05,2026-05-29,0.1121,True
001296,长江材料,95,2026-01-05,2026-05-29,0.1121,True
001298,好上好,95,2026-01-05,2026-05-29,0.1121,True
001300,三柏硕,95,2026-01-05,2026-05-29,0.1121,True
001306,夏厦精密,95,2026-01-05,2026-05-29,0.1121,True
001311,多利科技,95,2026-01-05,2026-05-29,0.1121,True
001314,亿道信息,95,2026-01-05,2026-05-29,0.1121,True
001316,润贝航科,95,2026-01-05,2026-05-29,0.1121,True
001317,三羊马,95,2026-01-05,2026-05-29,0.1121,True
001318,阳光乳业,95,2026-01-05,2026-05-29,0.1121,True
001319,铭科精技,95,2026-01-05,2026-05-29,0.1121,True
001324,长青科技,95,2026-01-05,2026-05-29,0.1121,True
001328,登康口腔,95,2026-01-05,2026-05-29,0.1121,True
001332,锡装股份,95,2026-01-05,2026-05-29,0.1121,True
001335,信凯科技,95,2026-01-05,2026-05-29,0.1121,True
001338,永顺泰,95,2026-01-05,2026-05-29,0.1121,True
001359,平安电工,95,2026-01-05,2026-05-29,0.1121,True
001367,海森药业,95,2026-01-05,2026-05-29,0.1121,True
001376,百通能源,95,2026-01-05,2026-05-29,0.1121,True
001379,腾达科技,95,2026-01-05,2026-05-29,0.1121,True
001380,华纬科技,95,2026-01-05,2026-05-29,0.1121,True
001388,信通电子,95,2026-01-05,2026-05-29,0.1121,True
001390,古麒绒材,95,2026-01-05,2026-05-29,0.1121,True
001395,亚联机械,95,2026-01-05,2026-05-29,0.1121,True
001400,江顺科技,95,2026-01-05,2026-05-29,0.1121,True
001896,豫能控股,95,2026-01-05,2026-05-29,0.1121,True
002009,天奇股份,95,2026-01-05,2026-05-29,0.1121,True
002016,世荣兆业,95,2026-01-05,2026-05-29,0.1121,True
002021,中捷资源,95,2026-01-05,2026-05-29,0.1121,True
002022,科华生物,95,2026-01-05,2026-05-29,0.1121,True
002026,山东威达,95,2026-01-05,2026-05-29,0.1121,True
002029,七匹狼,95,2026-01-05,2026-05-29,0.1121,True
002033,丽江股份,95,2026-01-05,2026-05-29,0.1121,True
002034,旺能环境,95,2026-01-05,2026-05-29,0.1121,True
002035,华帝股份,95,2026-01-05,2026-05-29,0.1121,True
002037,保利联合,0,,,1.0,False
002039,黔源电力,95,2026-01-05,2026-05-29,0.1121,True
002040,南京港,95,2026-01-05,2026-05-29,0.1121,True
002042,华孚时尚,95,2026-01-05,2026-05-29,0.1121,True
002052,同洲电子,95,2026-01-05,2026-05-29,0.1121,True
002054,德美化工,95,2026-01-05,2026-05-29,0.1121,True
002057,中钢天源,95,2026-01-05,2026-05-29,0.1121,True
002059,云南旅游,95,2026-01-05,2026-05-29,0.1121,True
002062,宏润建设,95,2026-01-05,2026-05-29,0.1121,True
002066,瑞泰科技,95,2026-01-05,2026-05-29,0.1121,True
002067,景兴纸业,95,2026-01-05,2026-05-29,0.1121,True
002083,孚日股份,95,2026-01-05,2026-05-29,0.1121,True
002090,金智科技,95,2026-01-05,2026-05-29,0.1121,True
002094,青岛金王,95,2026-01-05,2026-05-29,0.1121,True
002095,生意宝,95,2026-01-05,2026-05-29,0.1121,True
002098,浔兴股份,95,2026-01-05,2026-05-29,0.1121,True
002103,广博股份,95,2026-01-05,2026-05-29,0.1121,True
002106,莱宝高科,95,2026-01-05,2026-05-29,0.1121,True
002107,沃华医药,95,2026-01-05,2026-05-29,0.1121,True
002108,沧州明珠,95,2026-01-05,2026-05-29,0.1121,True
002111,威海广泰,95,2026-01-05,2026-05-29,0.1121,True
002112,三变科技,95,2026-01-05,2026-05-29,0.1121,True
002115,三维通信,95,2026-01-05,2026-05-29,0.1121,True
002116,中国海诚,95,2026-01-05,2026-05-29,0.1121,True
002117,东港股份,95,2026-01-05,2026-05-29,0.1121,True
002119,康强电子,95,2026-01-05,2026-05-29,0.1121,True
002124,天邦食品,95,2026-01-05,2026-05-29,0.1121,True
002132,恒星科技,95,2026-01-05,2026-05-29,0.1121,True
002134,天津普林,95,2026-01-05,2026-05-29,0.1121,True
002135,东南网架,95,2026-01-05,2026-05-29,0.1121,True
002137,实益达,95,2026-01-05,2026-05-29,0.1121,True
002140,东华科技,95,2026-01-05,2026-05-29,0.1121,True
002146,荣盛发展,95,2026-01-05,2026-05-29,0.1121,True
002148,北纬科技,95,2026-01-05,2026-05-29,0.1121,True
002150,正泰电源,95,2026-01-05,2026-05-29,0.1121,True
002154,报喜鸟,95,2026-01-05,2026-05-29,0.1121,True
002159,三特索道,95,2026-01-05,2026-05-29,0.1121,True
002160,常铝股份,95,2026-01-05,2026-05-29,0.1121,True
002161,远望谷,95,2026-01-05,2026-05-29,0.1121,True
002162,悦心健康,95,2026-01-05,2026-05-29,0.1121,True
002164,宁波东力,95,2026-01-05,2026-05-29,0.1121,True
002165,红宝丽,95,2026-01-05,2026-05-29,0.1121,True
002166,莱茵生物,95,2026-01-05,2026-05-29,0.1121,True
002167,东方锆业,95,2026-01-05,2026-05-29,0.1121,True
002169,智光电气,95,2026-01-05,2026-05-29,0.1121,True
002172,澳洋健康,95,2026-01-05,2026-05-29,0.1121,True
002177,御银股份,95,2026-01-05,2026-05-29,0.1121,True
002178,延华智能,95,2026-01-05,2026-05-29,0.1121,True
002181,粤传媒,95,2026-01-05,2026-05-29,0.1121,True
002184,海得控制,95,2026-01-05,2026-05-29,0.1121,True
002186,全聚德,95,2026-01-05,2026-05-29,0.1121,True
002187,广百股份,95,2026-01-05,2026-05-29,0.1121,True
002189,中光学,95,2026-01-05,2026-05-29,0.1121,True
002191,劲嘉股份,95,2026-01-05,2026-05-29,0.1121,True
002196,方正电机,95,2026-01-05,2026-05-29,0.1121,True
002206,海利得,95,2026-01-05,2026-05-29,0.1121,True
002208,合肥城建,95,2026-01-05,2026-05-29,0.1121,True
002210,飞马国际,95,2026-01-05,2026-05-29,0.1121,True
002213,大为股份,95,2026-01-05,2026-05-29,0.1121,True
002218,拓日新能,95,2026-01-05,2026-05-29,0.1121,True
002224,三力士,95,2026-01-05,2026-05-29,0.1121,True
002225,濮耐股份,95,2026-01-05,2026-05-29,0.1121,True
002229,鸿博股份,95,2026-01-05,2026-05-29,0.1121,True
002232,启明信息,95,2026-01-05,2026-05-29,0.1121,True
002235,安妮股份,95,2026-01-05,2026-05-29,0.1121,True
002238,天威视讯,95,2026-01-05,2026-05-29,0.1121,True
002246,北化股份,95,2026-01-05,2026-05-29,0.1121,True
002248,华东数控,95,2026-01-05,2026-05-29,0.1121,True
002250,联化科技,95,2026-01-05,2026-05-29,0.1121,True
002255,海陆重工,95,2026-01-05,2026-05-29,0.1121,True
002263,大东南,95,2026-01-05,2026-05-29,0.1121,True
002264,新华都,95,2026-01-05,2026-05-29,0.1121,True
002269,美邦服饰,95,2026-01-05,2026-05-29,0.1121,True
002272,川润股份,95,2026-01-05,2026-05-29,0.1121,True
002274,华昌化工,95,2026-01-05,2026-05-29,0.1121,True
002277,友阿股份,95,2026-01-05,2026-05-29,0.1121,True
002278,神开股份,95,2026-01-05,2026-05-29,0.1121,True
002279,久其软件,95,2026-01-05,2026-05-29,0.1121,True
002282,博深股份,95,2026-01-05,2026-05-29,0.1121,True
002283,天润工业,95,2026-01-05,2026-05-29,0.1121,True
002284,亚太股份,95,2026-01-05,2026-05-29,0.1121,True
002285,世联行,95,2026-01-05,2026-05-29,0.1121,True
002286,保龄宝,95,2026-01-05,2026-05-29,0.1121,True
002290,禾盛新材,95,2026-01-05,2026-05-29,0.1121,True
002293,罗莱生活,95,2026-01-05,2026-05-29,0.1121,True
002296,辉煌科技,95,2026-01-05,2026-05-29,0.1121,True
002297,博云新材,95,2026-01-05,2026-05-29,0.1121,True
002298,中电鑫龙,95,2026-01-05,2026-05-29,0.1121,True
002300,太阳电缆,95,2026-01-05,2026-05-29,0.1121,True
002301,齐心集团,95,2026-01-05,2026-05-29,0.1121,True
002303,美盈森,95,2026-01-05,2026-05-29,0.1121,True
002314,南山控股,95,2026-01-05,2026-05-29,0.1121,True
002321,华英农业,95,2026-01-05,2026-05-29,0.1121,True
002322,理工能科,95,2026-01-05,2026-05-29,0.1121,True
002328,新朋股份,95,2026-01-05,2026-05-29,0.1121,True
002330,得利斯,95,2026-01-05,2026-05-29,0.1121,True
002331,皖通科技,95,2026-01-05,2026-05-29,0.1121,True
002334,英威腾,95,2026-01-05,2026-05-29,0.1121,True
002337,赛象科技,95,2026-01-05,2026-05-29,0.1121,True
002339,积成电子,95,2026-01-05,2026-05-29,0.1121,True
002342,巨力索具,95,2026-01-05,2026-05-29,0.1121,True
002343,慈文传媒,95,2026-01-05,2026-05-29,0.1121,True
002344,海宁皮城,95,2026-01-05,2026-05-29,0.1121,True
002346,柘中股份,95,2026-01-05,2026-05-29,0.1121,True
002348,高乐股份,95,2026-01-05,2026-05-29,0.1121,True
002349,精华制药,95,2026-01-05,2026-05-29,0.1121,True
002350,北京科锐,95,2026-01-05,2026-05-29,0.1121,True
002358,森源电气,95,2026-01-05,2026-05-29,0.1121,True
002361,神剑股份,95,2026-01-05,2026-05-29,0.1121,True
002362,汉王科技,95,2026-01-05,2026-05-29,0.1121,True
002363,隆基机械,95,2026-01-05,2026-05-29,0.1121,True
002365,永安药业,95,2026-01-05,2026-05-29,0.1121,True
002367,康力电梯,95,2026-01-05,2026-05-29,0.1121,True
002369,卓翼科技,95,2026-01-05,2026-05-29,0.1121,True
002374,中锐股份,95,2026-01-05,2026-05-29,0.1121,True
002376,新北洋,95,2026-01-05,2026-05-29,0.1121,True
002377,国创高新,95,2026-01-05,2026-05-29,0.1121,True
002380,科远智慧,95,2026-01-05,2026-05-29,0.1121,True
002386,天原股份,95,2026-01-05,2026-05-29,0.1121,True
002391,长青股份,95,2026-01-05,2026-05-29,0.1121,True
002392,北京利尔,95,2026-01-05,2026-05-29,0.1121,True
002393,力生制药,95,2026-01-05,2026-05-29,0.1121,True
002394,联发股份,95,2026-01-05,2026-05-29,0.1121,True
002395,双象股份,95,2026-01-05,2026-05-29,0.1121,True
002398,垒知集团,95,2026-01-05,2026-05-29,0.1121,True
002401,中远海科,95,2026-01-05,2026-05-29,0.1121,True
002404,嘉欣丝绸,95,2026-01-05,2026-05-29,0.1121,True
002406,远东传动,95,2026-01-05,2026-05-29,0.1121,True
002418,康盛股份,95,2026-01-05,2026-05-29,0.1121,True
002419,天虹股份,95,2026-01-05,2026-05-29,0.1121,True
002420,毅昌科技,95,2026-01-05,2026-05-29,0.1121,True
002427,尤夫股份,95,2026-01-05,2026-05-29,0.1121,True
002437,誉衡药业,95,2026-01-05,2026-05-29,0.1121,True
002438,江苏神通,95,2026-01-05,2026-05-29,0.1121,True
002440,闰土股份,95,2026-01-05,2026-05-29,0.1121,True
002441,众业达,95,2026-01-05,2026-05-29,0.1121,True
002442,龙星科技,95,2026-01-05,2026-05-29,0.1121,True
002443,金洲管道,95,2026-01-05,2026-05-29,0.1121,True
002445,中南文化,85,2026-01-05,2026-05-29,0.2056,True
002446,盛路通信,95,2026-01-05,2026-05-29,0.1121,True
002448,中原内配,95,2026-01-05,2026-05-29,0.1121,True
002449,国星光电,95,2026-01-05,2026-05-29,0.1121,True
002451,摩恩电气,95,2026-01-05,2026-05-29,0.1121,True
002452,长高电气,95,2026-01-05,2026-05-29,0.1121,True
002454,松芝股份,95,2026-01-05,2026-05-29,0.1121,True
002455,百川股份,95,2026-01-05,2026-05-29,0.1121,True
002457,青龙管业,95,2026-01-05,2026-05-29,0.1121,True
002462,嘉事堂,90,2026-01-05,2026-05-29,0.1589,True
002467,二六三,95,2026-01-05,2026-05-29,0.1121,True
002469,三维化学,95,2026-01-05,2026-05-29,0.1121,True
002471,中超控股,95,2026-01-05,2026-05-29,0.1121,True
002474,榕基软件,95,2026-01-05,2026-05-29,0.1121,True
002476,宝莫股份,95,2026-01-05,2026-05-29,0.1121,True
002478,常宝股份,95,2026-01-05,2026-05-29,0.1121,True
002479,富春环保,95,2026-01-05,2026-05-29,0.1121,True
002480,新筑股份,95,2026-01-05,2026-05-29,0.1121,True
002481,双塔食品,95,2026-01-05,2026-05-29,0.1121,True
002483,润邦股份,95,2026-01-05,2026-05-29,0.1121,True
002491,通鼎互联,95,2026-01-05,2026-05-29,0.1121,True
002510,天汽模,91,2026-01-05,2026-05-29,0.1495,True
002515,金字火腿,95,2026-01-05,2026-05-29,0.1121,True
002519,银河电子,95,2026-01-05,2026-05-29,0.1121,True
002520,日发精机,95,2026-01-05,2026-05-29,0.1121,True
002522,浙江众成,95,2026-01-05,2026-05-29,0.1121,True
002523,天桥起重,95,2026-01-05,2026-05-29,0.1121,True
002526,山东矿机,95,2026-01-05,2026-05-29,0.1121,True
002527,新时达,95,2026-01-05,2026-05-29,0.1121,True
002530,金财互联,95,2026-01-05,2026-05-29,0.1121,True
002533,金杯电工,95,2026-01-05,2026-05-29,0.1121,True
002535,林州重机,95,2026-01-05,2026-05-29,0.1121,True
002540,亚太科技,95,2026-01-05,2026-05-29,0.1121,True
002546,新联电子,95,2026-01-05,2026-05-29,0.1121,True
002548,金新农,95,2026-01-05,2026-05-29,0.1121,True
002549,凯美特气,95,2026-01-05,2026-05-29,0.1121,True
002551,尚荣医疗,95,2026-01-05,2026-05-29,0.1121,True
002552,宝鼎科技,95,2026-01-05,2026-05-29,0.1121,True
002553,南方精工,95,2026-01-05,2026-05-29,0.1121,True
002554,惠博普,91,2026-01-05,2026-05-29,0.1495,True
002556,辉隆股份,95,2026-01-05,2026-05-29,0.1121,True
002559,亚威股份,95,2026-01-05,2026-05-29,0.1121,True
002560,通达股份,95,2026-01-05,2026-05-29,0.1121,True
002561,徐家汇,95,2026-01-05,2026-05-29,0.1121,True
002562,兄弟科技,95,2026-01-05,2026-05-29,0.1121,True
002565,顺灏股份,95,2026-01-05,2026-05-29,0.1121,True
002570,贝因美,95,2026-01-05,2026-05-29,0.1121,True
002574,明牌珠宝,95,2026-01-05,2026-05-29,0.1121,True
002575,群兴玩具,95,2026-01-05,2026-05-29,0.1121,True
002576,通达动力,0,,,1.0,False
002577,雷柏科技,95,2026-01-05,2026-05-29,0.1121,True
002578,闽发铝业,95,2026-01-05,2026-05-29,0.1121,True
002579,中京电子,95,2026-01-05,2026-05-29,0.1121,True
002580,圣阳股份,95,2026-01-05,2026-05-29,0.1121,True
002584,西陇科学,95,2026-01-05,2026-05-29,0.1121,True
002587,奥拓电子,95,2026-01-05,2026-05-29,0.1121,True
002589,瑞康医药,95,2026-01-05,2026-05-29,0.1121,True
002590,万安科技,95,2026-01-05,2026-05-29,0.1121,True
002593,日上集团,95,2026-01-05,2026-05-29,0.1121,True
002599,盛通股份,95,2026-01-05,2026-05-29,0.1121,True
002606,大连电瓷,95,2026-01-05,2026-05-29,0.1121,True
002609,捷顺科技,95,2026-01-05,2026-05-29,0.1121,True
002613,北玻股份,95,2026-01-05,2026-05-29,0.1121,True
002614,奥佳华,95,2026-01-05,2026-05-29,0.1121,True
002615,哈尔斯,95,2026-01-05,2026-05-29,0.1121,True
002616,长青集团,95,2026-01-05,2026-05-29,0.1121,True
002627,三峡旅游,95,2026-01-05,2026-05-29,0.1121,True
002628,成都路桥,95,2026-01-05,2026-05-29,0.1121,True
002631,德尔未来,95,2026-01-05,2026-05-29,0.1121,True
002632,道明光学,95,2026-01-05,2026-05-29,0.1121,True
002636,金安国纪,95,2026-01-05,2026-05-29,0.1121,True
002637,赞宇科技,95,2026-01-05,2026-05-29,0.1121,True
002638,勤上股份,95,2026-01-05,2026-05-29,0.1121,True
002639,雪人集团,95,2026-01-05,2026-05-29,0.1121,True
002640,跨境通,95,2026-01-05,2026-05-29,0.1121,True
002641,公元股份,95,2026-01-05,2026-05-29,0.1121,True
002642,荣联科技,95,2026-01-05,2026-05-29,0.1121,True
002644,佛慈制药,95,2026-01-05,2026-05-29,0.1121,True
002645,华宏科技,95,2026-01-05,2026-05-29,0.1121,True
002646,天佑德酒,95,2026-01-05,2026-05-29,0.1121,True
002655,共达电声,95,2026-01-05,2026-05-29,0.1121,True
002658,雪迪龙,95,2026-01-05,2026-05-29,0.1121,True
002659,凯文教育,95,2026-01-05,2026-05-29,0.1121,True
002660,茂硕电源,95,2026-01-05,2026-05-29,0.1121,True
002661,克明食品,95,2026-01-05,2026-05-29,0.1121,True
002662,峰璟股份,95,2026-01-05,2026-05-29,0.1121,True
002663,普邦股份,95,2026-01-05,2026-05-29,0.1121,True
002664,信质集团,95,2026-01-05,2026-05-29,0.1121,True
002666,德联集团,95,2026-01-05,2026-05-29,0.1121,True
002669,康达新材,95,2026-01-05,2026-05-29,0.1121,True
002671,龙泉股份,95,2026-01-05,2026-05-29,0.1121,True
002674,兴业科技,95,2026-01-05,2026-05-29,0.1121,True
002676,顺威股份,95,2026-01-05,2026-05-29,0.1121,True
002682,龙洲股份,95,2026-01-05,2026-05-29,0.1121,True
002685,华东重机,95,2026-01-05,2026-05-29,0.1121,True
002686,亿利达,91,2026-01-05,2026-05-29,0.1495,True
002688,金河生物,95,2026-01-05,2026-05-29,0.1121,True
002692,远程股份,95,2026-01-05,2026-05-29,0.1121,True
002695,煌上煌,95,2026-01-05,2026-05-29,0.1121,True
002703,浙江世宝,95,2026-01-05,2026-05-29,0.1121,True
002707,众信旅游,95,2026-01-05,2026-05-29,0.1121,True
002708,光洋股份,95,2026-01-05,2026-05-29,0.1121,True
002722,物产金轮,95,2026-01-05,2026-05-29,0.1121,True
002724,海洋王,95,2026-01-05,2026-05-29,0.1121,True
002725,跃岭股份,95,2026-01-05,2026-05-29,0.1121,True
002728,特一药业,95,2026-01-05,2026-05-29,0.1121,True
002730,电光科技,95,2026-01-05,2026-05-29,0.1121,True
002732,燕塘乳业,95,2026-01-05,2026-05-29,0.1121,True
002733,雄韬股份,95,2026-01-05,2026-05-29,0.1121,True
002734,利民股份,95,2026-01-05,2026-05-29,0.1121,True
002735,王子新材,95,2026-01-05,2026-05-29,0.1121,True
002741,光华科技,95,2026-01-05,2026-05-29,0.1121,True
002746,仙坛股份,95,2026-01-05,2026-05-29,0.1121,True
002752,昇兴股份,95,2026-01-05,2026-05-29,0.1121,True
002757,南兴股份,95,2026-01-05,2026-05-29,0.1121,True
002758,浙农股份,95,2026-01-05,2026-05-29,0.1121,True
002759,天际股份,95,2026-01-05,2026-05-29,0.1121,True
002765,蓝黛科技,95,2026-01-05,2026-05-29,0.1121,True
002766,索菱股份,95,2026-01-05,2026-05-29,0.1121,True
002768,国恩股份,95,2026-01-05,2026-05-29,0.1121,True
002769,普路通,95,2026-01-05,2026-05-29,0.1121,True
002771,真视通,95,2026-01-05,2026-05-29,0.1121,True
002772,众兴菌业,95,2026-01-05,2026-05-29,0.1121,True
002774,快意电梯,95,2026-01-05,2026-05-29,0.1121,True
002782,可立克,95,2026-01-05,2026-05-29,0.1121,True
002783,凯龙股份,95,2026-01-05,2026-05-29,0.1121,True
002785,万里石,95,2026-01-05,2026-05-29,0.1121,True
002786,银宝山新,95,2026-01-05,2026-05-29,0.1121,True
002787,华源控股,95,2026-01-05,2026-05-29,0.1121,True
002792,通宇通讯,95,2026-01-05,2026-05-29,0.1121,True
002793,罗欣药业,95,2026-01-05,2026-05-29,0.1121,True
002796,世嘉科技,95,2026-01-05,2026-05-29,0.1121,True
002799,环球印务,95,2026-01-05,2026-05-29,0.1121,True
002801,微光股份,95,2026-01-05,2026-05-29,0.1121,True
002803,吉宏股份,95,2026-01-05,2026-05-29,0.1121,True
002805,丰元股份,95,2026-01-05,2026-05-29,0.1121,True
002810,山东赫达,95,2026-01-05,2026-05-29,0.1121,True
002811,郑中设计,95,2026-01-05,2026-05-29,0.1121,True
002813,路畅科技,95,2026-01-05,2026-05-29,0.1121,True
002819,东方中科,95,2026-01-05,2026-05-29,0.1121,True
002823,凯中精密,95,2026-01-05,2026-05-29,0.1121,True
002824,和胜股份,95,2026-01-05,2026-05-29,0.1121,True
002825,纳尔股份,95,2026-01-05,2026-05-29,0.1121,True
002829,星网宇达,95,2026-01-05,2026-05-29,0.1121,True
002833,弘亚数控,95,2026-01-05,2026-05-29,0.1121,True
002835,同为股份,95,2026-01-05,2026-05-29,0.1121,True
002838,道恩股份,95,2026-01-05,2026-05-29,0.1121,True
002843,泰嘉股份,95,2026-01-05,2026-05-29,0.1121,True
002845,同兴达,95,2026-01-05,2026-05-29,0.1121,True
002846,英联股份,95,2026-01-05,2026-05-29,0.1121,True
002849,威星智能,95,2026-01-05,2026-05-29,0.1121,True
002852,道道全,95,2026-01-05,2026-05-29,0.1121,True
002860,星帅尔,95,2026-01-05,2026-05-29,0.1121,True
002862,实丰文化,95,2026-01-05,2026-05-29,0.1121,True
002863,今飞凯达,95,2026-01-05,2026-05-29,0.1121,True
002864,盘龙药业,95,2026-01-05,2026-05-29,0.1121,True
002866,传艺科技,95,2026-01-05,2026-05-29,0.1121,True
002869,金溢科技,95,2026-01-05,2026-05-29,0.1121,True
002870,香山股份,95,2026-01-05,2026-05-29,0.1121,True
002875,安奈儿,95,2026-01-05,2026-05-29,0.1121,True
002876,三利谱,95,2026-01-05,2026-05-29,0.1121,True
002877,智能自控,95,2026-01-05,2026-05-29,0.1121,True
002878,元隆雅图,95,2026-01-05,2026-05-29,0.1121,True
002879,长缆科技,95,2026-01-05,2026-05-29,0.1121,True
002884,凌霄泵业,95,2026-01-05,2026-05-29,0.1121,True
002885,京泉华,95,2026-01-05,2026-05-29,0.1121,True
002886,沃特股份,95,2026-01-05,2026-05-29,0.1121,True
002888,惠威科技,95,2026-01-05,2026-05-29,0.1121,True
002889,东方嘉盛,95,2026-01-05,2026-05-29,0.1121,True
002893,京能热力,95,2026-01-05,2026-05-29,0.1121,True
002899,英派斯,95,2026-01-05,2026-05-29,0.1121,True
002900,哈三联,95,2026-01-05,2026-05-29,0.1121,True
002902,铭普光磁,95,2026-01-05,2026-05-29,0.1121,True
002903,宇环数控,95,2026-01-05,2026-05-29,0.1121,True
002905,金逸影视,95,2026-01-05,2026-05-29,0.1121,True
002907,华森制药,95,2026-01-05,2026-05-29,0.1121,True
002908,德生科技,95,2026-01-05,2026-05-29,0.1121,True
002912,中新赛克,95,2026-01-05,2026-05-29,0.1121,True
002915,中欣氟材,95,2026-01-05,2026-05-29,0.1121,True
002917,金奥博,95,2026-01-05,2026-05-29,0.1121,True
002918,蒙娜丽莎,95,2026-01-05,2026-05-29,0.1121,True
002919,名臣健康,95,2026-01-05,2026-05-29,0.1121,True
002922,伊戈尔,95,2026-01-05,2026-05-29,0.1121,True
002923,润都股份,95,2026-01-05,2026-05-29,0.1121,True
002927,泰永长征,95,2026-01-05,2026-05-29,0.1121,True
002930,宏川智慧,95,2026-01-05,2026-05-29,0.1121,True
002931,锋龙股份,83,2026-01-05,2026-05-29,0.2243,True
002933,新兴装备,95,2026-01-05,2026-05-29,0.1121,True
002935,天奥电子,95,2026-01-05,2026-05-29,0.1121,True
002937,兴瑞科技,0,,,1.0,False
002940,昂利康,0,,,1.0,False
002943,宇晶股份,0,,,1.0,False
002949,华阳国际,0,,,1.0,False
002950,奥美医疗,95,2026-01-05,2026-05-29,0.1121,True
002952,亚世光电,95,2026-01-05,2026-05-29,0.1121,True
002953,日丰股份,95,2026-01-05,2026-05-29,0.1121,True
002955,鸿合科技,95,2026-01-05,2026-05-29,0.1121,True
002956,西麦食品,95,2026-01-05,2026-05-29,0.1121,True
002957,科瑞技术,95,2026-01-05,2026-05-29,0.1121,True
002959,小熊电器,0,,,1.0,False
002961,瑞达期货,0,,,1.0,False
002962,五方光电,0,,,1.0,False
002969,嘉美包装,87,2026-01-05,2026-05-29,0.1869,True
002970,锐明技术,95,2026-01-05,2026-05-29,0.1121,True
002971,和远气体,95,2026-01-05,2026-05-29,0.1121,True
002973,侨银股份,95,2026-01-05,2026-05-29,0.1121,True
002975,博杰股份,0,,,1.0,False
002976,瑞玛精密,0,,,1.0,False
002980,华盛昌,0,,,1.0,False
002981,朝阳科技,0,,,1.0,False
002982,湘佳股份,95,2026-01-05,2026-05-29,0.1121,True
002983,芯瑞达,95,2026-01-05,2026-05-29,0.1121,True
002986,宇新股份,95,2026-01-05,2026-05-29,0.1121,True
002988,豪美新材,95,2026-01-05,2026-05-29,0.1121,True
002989,中天精装,95,2026-01-05,2026-05-29,0.1121,True
002990,盛视科技,95,2026-01-05,2026-05-29,0.1121,True
002991,甘源食品,95,2026-01-05,2026-05-29,0.1121,True
002995,天地在线,0,,,1.0,False
002996,顺博合金,0,,,1.0,False
002997,瑞鹄模具,95,2026-01-05,2026-05-29,0.1121,True
003000,劲仔食品,95,2026-01-05,2026-05-29,0.1121,True
003001,中岩大地,95,2026-01-05,2026-05-29,0.1121,True
003002,壶化股份,0,,,1.0,False
003005,竞业达,0,,,1.0,False
003007,直真科技,95,2026-01-05,2026-05-29,0.1121,True
003009,中天火箭,95,2026-01-05,2026-05-29,0.1121,True
003010,若羽臣,95,2026-01-05,2026-05-29,0.1121,True
003015,日久光电,0,,,1.0,False
003016,欣贺股份,0,,,1.0,False
003019,宸展光电,0,,,1.0,False
003020,立方制药,95,2026-01-05,2026-05-29,0.1121,True
003025,思进智能,95,2026-01-05,2026-05-29,0.1121,True
003026,中晶科技,0,,,1.0,False
003028,振邦智能,0,,,1.0,False
003029,吉大正元,0,,,1.0,False
003033,征和工业,0,,,1.0,False
003036,泰坦股份,0,,,1.0,False
003037,三和管桩,0,,,1.0,False
003038,鑫铂股份,0,,,1.0,False
003040,楚天龙,0,,,1.0,False
003041,真爱美家,91,2026-01-05,2026-05-29,0.1495,True
003043,华亚智能,95,2026-01-05,2026-05-29,0.1121,True
300004,南风股份,0,,,1.0,False
300005,探路者,0,,,1.0,False
300011,鼎汉技术,0,,,1.0,False
300016,北陆药业,95,2026-01-05,2026-05-29,0.1121,True
300018,中元股份,95,2026-01-05,2026-05-29,0.1121,True
300019,硅宝科技,95,2026-01-05,2026-05-29,0.1121,True
300021,大禹节水,95,2026-01-05,2026-05-29,0.1121,True
300022,吉峰科技,95,2026-01-05,2026-05-29,0.1121,True
300025,华星创业,95,2026-01-05,2026-05-29,0.1121,True
300032,金龙机电,0,,,1.0,False
300039,上海凯宝,95,2026-01-05,2026-05-29,0.1121,True
300040,九洲集团,0,,,1.0,False
300041,回天新材,0,,,1.0,False
300042,朗科科技,95,2026-01-05,2026-05-29,0.1121,True
300043,星辉娱乐,95,2026-01-05,2026-05-29,0.1121,True
300046,台基股份,0,,,1.0,False
300048,合康新能,0,,,1.0,False
300050,世纪鼎利,95,2026-01-05,2026-05-29,0.1121,True
300053,航宇微,95,2026-01-05,2026-05-29,0.1121,True
300055,万邦达,95,2026-01-05,2026-05-29,0.1121,True
300056,中创环保,0,,,1.0,False
300057,万顺新材,0,,,1.0,False
300061,旗天科技,0,,,1.0,False
300062,中能电气,0,,,1.0,False
300063,天龙集团,95,2026-01-05,2026-05-29,0.1121,True
300066,三川智慧,95,2026-01-05,2026-05-29,0.1121,True
300067,安诺其,86,2026-01-05,2026-05-29,0.1963,True
300071,福石控股,95,2026-01-05,2026-05-29,0.1121,True
300086,康芝药业,95,2026-01-05,2026-05-29,0.1121,True
300092,科新机电,95,2026-01-05,2026-05-29,0.1121,True
300094,国联水产,0,,,1.0,False
300095,华伍股份,95,2026-01-05,2026-05-29,0.1121,True
300099,尤洛卡,0,,,1.0,False
300105,龙源技术,0,,,1.0,False
300107,建新股份,0,,,1.0,False
300110,华仁药业,0,,,1.0,False
300111,向日葵,95,2026-01-05,2026-05-29,0.1121,True
300112,万讯自控,95,2026-01-05,2026-05-29,0.1121,True
300120,经纬辉开,95,2026-01-05,2026-05-29,0.1121,True
300121,阳谷华泰,0,,,1.0,False
300129,泰胜风能,0,,,1.0,False
300132,青松股份,0,,,1.0,False
300135,宝利国际,0,,,1.0,False
300138,晨光生物,95,2026-01-05,2026-05-29,0.1121,True
300139,晓程科技,95,2026-01-05,2026-05-29,0.1121,True
300143,盈康生命,95,2026-01-05,2026-05-29,0.1121,True
300145,南方泵业,95,2026-01-05,2026-05-29,0.1121,True
300148,天舟文化,95,2026-01-05,2026-05-29,0.1121,True
300149,睿智医药,0,,,1.0,False
300150,世纪瑞尔,0,,,1.0,False
300153,科泰电源,0,,,1.0,False
300154,瑞凌股份,95,2026-01-05,2026-05-29,0.1121,True
300160,秀强股份,95,2026-01-05,2026-05-29,0.1121,True
300161,华中数控,95,2026-01-05,2026-05-29,0.1121,True
300162,雷曼光电,95,2026-01-05,2026-05-29,0.1121,True
300164,通源石油,95,2026-01-05,2026-05-29,0.1121,True
300172,中电环保,0,,,1.0,False
300174,元力股份,0,,,1.0,False
300176,鸿特科技,0,,,1.0,False
300179,四方达,0,,,1.0,False
300189,神农种业,95,2026-01-05,2026-05-29,0.1121,True
300192,科德教育,95,2026-01-05,2026-05-29,0.1121,True
300193,佳士科技,95,2026-01-05,2026-05-29,0.1121,True
300194,福安药业,95,2026-01-05,2026-05-29,0.1121,True
300195,长荣股份,95,2026-01-05,2026-05-29,0.1121,True
300196,长海股份,0,,,1.0,False
300200,高盟新材,0,,,1.0,False
300201,海伦哲,0,,,1.0,False
300203,聚光科技,0,,,1.0,False
300206,理邦仪器,95,2026-01-05,2026-05-29,0.1121,True
300210,森远股份,95,2026-01-05,2026-05-29,0.1121,True
300213,佳讯飞鸿,95,2026-01-05,2026-05-29,0.1121,True
300215,电科院,95,2026-01-05,2026-05-29,0.1121,True
300217,东方电热,95,2026-01-05,2026-05-29,0.1121,True
300218,安利股份,0,,,1.0,False
300219,鸿利智汇,0,,,1.0,False
300221,银禧科技,0,,,1.0,False
300222,科大智能,0,,,1.0,False
300227,光韵达,95,2026-01-05,2026-05-29,0.1121,True
300228,富瑞特装,95,2026-01-05,2026-05-29,0.1121,True
300230,永利股份,95,2026-01-05,2026-05-29,0.1121,True
300231,银信科技,95,2026-01-05,2026-05-29,0.1121,True
300235,方直科技,95,2026-01-05,2026-05-29,0.1121,True
300238,冠昊生物,95,2026-01-05,2026-05-29,0.1121,True
300239,东宝生物,95,2026-01-05,2026-05-29,0.1121,True
300240,飞力达,0,,,1.0,False
300241,瑞丰光电,0,,,1.0,False
300247,融捷健康,0,,,1.0,False
300248,新开普,0,,,1.0,False
300249,依米康,95,2026-01-05,2026-05-29,0.1121,True
300250,初灵信息,95,2026-01-05,2026-05-29,0.1121,True
300252,金信诺,95,2026-01-05,2026-05-29,0.1121,True
300258,精锻科技,95,2026-01-05,2026-05-29,0.1121,True
300263,隆华科技,95,2026-01-05,2026-05-29,0.1121,True
300264,佳创视讯,0,,,1.0,False
300265,通光线缆,0,,,1.0,False
300267,尔康制药,0,,,1.0,False
300272,开能健康,0,,,1.0,False
300275,梅安森,0,,,1.0,False
300277,汽轮科技,95,2026-01-05,2026-05-29,0.1121,True
300278,华昌达,95,2026-01-05,2026-05-29,0.1121,True
300279,和晶科技,95,2026-01-05,2026-05-29,0.1121,True
300283,温州宏丰,0,,,1.0,False
300286,安科瑞,0,,,1.0,False
300288,朗玛信息,0,,,1.0,False
300291,百纳千成,0,,,1.0,False
300292,吴通控股,0,,,1.0,False
300293,蓝英装备,95,2026-01-05,2026-05-29,0.1121,True
300299,富春股份,95,2026-01-05,2026-05-29,0.1121,True
300302,同有科技,95,2026-01-05,2026-05-29,0.1121,True
300304,云意电气,95,2026-01-05,2026-05-29,0.1121,True
300306,远方信息,95,2026-01-05,2026-05-29,0.1121,True
300307,慈星股份,0,,,1.0,False
300310,宜通世纪,0,,,1.0,False
300314,戴维医疗,0,,,1.0,False
300317,珈伟新能,0,,,1.0,False
300318,博晖创新,95,2026-01-05,2026-05-29,0.1121,True
300320,海达股份,95,2026-01-05,2026-05-29,0.1121,True
300322,硕贝德,95,2026-01-05,2026-05-29,0.1121,True
300328,宜安科技,95,2026-01-05,2026-05-29,0.1121,True
300331,苏大维格,95,2026-01-05,2026-05-29,0.1121,True
300332,天壕能源,95,2026-01-05,2026-05-29,0.1121,True
300335,迪森股份,95,2026-01-05,2026-05-29,0.1121,True
300340,科恒股份,0,,,1.0,False
300342,天银机电,0,,,1.0,False
300345,华民股份,0,,,1.0,False
300349,金卡智能,0,,,1.0,False
300350,华鹏飞,95,2026-01-05,2026-05-29,0.1121,True
300351,永贵电器,95,2026-01-05,2026-05-29,0.1121,True
300354,东华测试,95,2026-01-05,2026-05-29,0.1121,True
300355,蒙草生态,95,2026-01-05,2026-05-29,0.1121,True
300359,全通教育,95,2026-01-05,2026-05-29,0.1121,True
300365,恒华科技,95,2026-01-05,2026-05-29,0.1121,True
300374,中铁装配,95,2026-01-05,2026-05-29,0.1121,True
300375,鹏翎股份,95,2026-01-05,2026-05-29,0.1121,True
300380,安硕信息,0,,,1.0,False
300381,溢多利,0,,,1.0,False
300382,斯莱克,0,,,1.0,False
300384,三联虹普,0,,,1.0,False
300386,飞天诚信,95,2026-01-05,2026-05-29,0.1121,True
300388,节能国祯,95,2026-01-05,2026-05-29,0.1121,True
300389,艾比森,95,2026-01-05,2026-05-29,0.1121,True
300399,天利科技,95,2026-01-05,2026-05-29,0.1121,True
300400,劲拓股份,95,2026-01-05,2026-05-29,0.1121,True
300402,宝色股份,95,2026-01-05,2026-05-29,0.1121,True
300403,汉宇集团,0,,,1.0,False
300404,博济医药,0,,,1.0,False
300407,凯发电气,0,,,1.0,False
300411,金盾股份,0,,,1.0,False
300412,迦南科技,0,,,1.0,False
300414,中光防雷,95,2026-01-05,2026-05-29,0.1121,True
300420,五洋自控,95,2026-01-05,2026-05-29,0.1121,True
300421,力星股份,0,,,1.0,False
300423,昇辉科技,0,,,1.0,False
300424,航新科技,0,,,1.0,False
300425,中建环能,0,,,1.0,False
300426,华智数媒,95,2026-01-05,2026-05-29,0.1121,True
300427,红相股份,95,2026-01-05,2026-05-29,0.1121,True
300429,强力新材,95,2026-01-05,2026-05-29,0.1121,True
300434,金石亚药,95,2026-01-05,2026-05-29,0.1121,True
300435,中泰股份,95,2026-01-05,2026-05-29,0.1121,True
300436,广生堂,0,,,1.0,False
300439,美康生物,0,,,1.0,False
300440,运达科技,0,,,1.0,False
300441,鲍斯股份,0,,,1.0,False
300444,双杰电气,0,,,1.0,False
300445,康斯特,95,2026-01-05,2026-05-29,0.1121,True
300447,全信股份,95,2026-01-05,2026-05-29,0.1121,True
300448,浩云科技,95,2026-01-05,2026-05-29,0.1121,True
300452,山河药辅,95,2026-01-05,2026-05-29,0.1121,True
300453,三鑫医疗,0,,,1.0,False
300461,田中精机,0,,,1.0,False
300465,高伟达,0,,,1.0,False
300466,赛摩智能,0,,,1.0,False
300467,迅游科技,95,2026-01-05,2026-05-29,0.1121,True
300469,信息发展,95,2026-01-05,2026-05-29,0.1121,True
300471,厚普股份,95,2026-01-05,2026-05-29,0.1121,True
300473,德尔股份,95,2026-01-05,2026-05-29,0.1121,True
300479,神思电子,0,,,1.0,False
300480,光力科技,0,,,1.0,False
300481,濮阳惠成,0,,,1.0,False
300483,首华燃气,0,,,1.0,False
300484,蓝海华腾,95,2026-01-05,2026-05-29,0.1121,True
300485,赛升药业,95,2026-01-05,2026-05-29,0.1121,True
300486,东杰智能,95,2026-01-05,2026-05-29,0.1121,True
300488,恒锋工具,95,2026-01-05,2026-05-29,0.1121,True
300489,光智科技,95,2026-01-05,2026-05-29,0.1121,True
300490,华自科技,0,,,1.0,False
300491,通合科技,0,,,1.0,False
300494,盛天网络,0,,,1.0,False
300499,高澜股份,0,,,1.0,False
300501,海顺新材,95,2026-01-05,2026-05-29,0.1121,True
300503,昊志机电,95,2026-01-05,2026-05-29,0.1121,True
300504,天邑股份,95,2026-01-05,2026-05-29,0.1121,True
300505,川金诺,95,2026-01-05,2026-05-29,0.1121,True
300507,苏奥传感,0,,,1.0,False
300508,维宏股份,0,,,1.0,False
300510,金冠股份,0,,,1.0,False
300512,中亚股份,0,,,1.0,False
300513,恒实科技,95,2026-01-05,2026-05-29,0.1121,True
300514,友讯达,95,2026-01-05,2026-05-29,0.1121,True
300515,三德科技,95,2026-01-05,2026-05-29,0.1121,True
300516,久之洋,95,2026-01-05,2026-05-29,0.1121,True
300520,科大国创,95,2026-01-05,2026-05-29,0.1121,True
300522,世名科技,95,2026-01-05,2026-05-29,0.1121,True
300523,辰安科技,95,2026-01-05,2026-05-29,0.1121,True
300531,优博讯,95,2026-01-05,2026-05-29,0.1121,True
300532,今天国际,0,,,1.0,False
300533,冰川网络,0,,,1.0,False
300534,陇神戎发,0,,,1.0,False
300537,广信材料,0,,,1.0,False
300538,同益股份,0,,,1.0,False
300539,横河精密,95,2026-01-05,2026-05-29,0.1121,True
300540,蜀道装备,95,2026-01-05,2026-05-29,0.1121,True
300541,先进数通,95,2026-01-05,2026-05-29,0.1121,True
300542,新晨科技,95,2026-01-05,2026-05-29,0.1121,True
300543,朗科智能,95,2026-01-05,2026-05-29,0.1121,True
300545,联得装备,95,2026-01-05,2026-05-29,0.1121,True
300546,雄帝科技,0,,,1.0,False
300547,川环科技,0,,,1.0,False
300550,和仁科技,0,,,1.0,False
300551,古鳌科技,0,,,1.0,False
300553,集智股份,95,2026-01-05,2026-05-29,0.1121,True
300557,理工光科,95,2026-01-05,2026-05-29,0.1121,True
300559,佳发教育,95,2026-01-05,2026-05-29,0.1121,True
300560,中富通,95,2026-01-05,2026-05-29,0.1121,True
300562,乐心医疗,95,2026-01-05,2026-05-29,0.1121,True
300563,神宇股份,95,2026-01-05,2026-05-29,0.1121,True
300565,科信技术,95,2026-01-05,2026-05-29,0.1121,True
300566,激智科技,95,2026-01-05,2026-05-29,0.1121,True
300569,天能重工,0,,,1.0,False
300571,平治信息,0,,,1.0,False
300572,安车检测,0,,,1.0,False
300575,中旗股份,0,,,1.0,False
300577,开润股份,0,,,1.0,False
300578,会畅科技,95,2026-01-05,2026-05-29,0.1121,True
300581,晨曦航空,95,2026-01-05,2026-05-29,0.1121,True
300582,英飞特,95,2026-01-05,2026-05-29,0.1121,True
300583,赛托生物,95,2026-01-05,2026-05-29,0.1121,True
300584,海辰药业,95,2026-01-05,2026-05-29,0.1121,True
300586,美联新材,95,2026-01-05,2026-05-29,0.1121,True
300587,天铁科技,0,,,1.0,False
300589,江龙船艇,0,,,1.0,False
300590,移为通信,0,,,1.0,False
300592,华凯易佰,0,,,1.0,False
300596,利安隆,95,2026-01-05,2026-05-29,0.1121,True
300603,立昂技术,95,2026-01-05,2026-05-29,0.1121,True
300606,金太阳,95,2026-01-05,2026-05-29,0.1121,True
300608,思特奇,95,2026-01-05,2026-05-29,0.1121,True
300611,美力科技,95,2026-01-05,2026-05-29,0.1121,True
300612,宣亚国际,95,2026-01-05,2026-05-29,0.1121,True
300616,尚品宅配,95,2026-01-05,2026-05-29,0.1121,True
300617,安靠智电,0,,,1.0,False
300619,金银河,0,,,1.0,False
300622,博士眼镜,0,,,1.0,False
300629,新劲刚,0,,,1.0,False
300631,久吾高科,0,,,1.0,False
300632,光莆股份,95,2026-01-05,2026-05-29,0.1121,True
300636,同和药业,95,2026-01-05,2026-05-29,0.1121,True
300639,凯普生物,95,2026-01-05,2026-05-29,0.1121,True
300643,万通智控,95,2026-01-05,2026-05-29,0.1121,True
300644,南京聚隆,0,,,1.0,False
300647,超频三,0,,,1.0,False
300648,星云股份,0,,,1.0,False
300650,太龙股份,0,,,1.0,False
300652,雷迪克,95,2026-01-05,2026-05-29,0.1121,True
300654,世纪天鸿,95,2026-01-05,2026-05-29,0.1121,True
300656,民德电子,95,2026-01-05,2026-05-29,0.1121,True
300662,科锐国际,95,2026-01-05,2026-05-29,0.1121,True
300664,鹏鹞环保,95,2026-01-05,2026-05-29,0.1121,True
300667,必创科技,95,2026-01-05,2026-05-29,0.1121,True
300673,佩蒂股份,0,,,1.0,False
300680,隆盛科技,0,,,1.0,False
300681,英搏尔,0,,,1.0,False
300683,海特生物,0,,,1.0,False
300684,中石科技,95,2026-01-05,2026-05-29,0.1121,True
300688,创业黑马,95,2026-01-05,2026-05-29,0.1121,True
300689,澄天伟业,95,2026-01-05,2026-05-29,0.1121,True
300690,双一科技,95,2026-01-05,2026-05-29,0.1121,True
300691,联合光电,95,2026-01-05,2026-05-29,0.1121,True
300694,蠡湖股份,0,,,1.0,False
300695,兆丰股份,0,,,1.0,False
300696,爱乐达,0,,,1.0,False
300697,电工合金,0,,,1.0,False
300698,万马科技,95,2026-01-05,2026-05-29,0.1121,True
300700,岱勒新材,95,2026-01-05,2026-05-29,0.1121,True
300701,森霸传感,95,2026-01-05,2026-05-29,0.1121,True
300703,创源股份,95,2026-01-05,2026-05-29,0.1121,True
300706,阿石创,95,2026-01-05,2026-05-29,0.1121,True
300707,威唐工业,0,,,1.0,False
300708,聚灿光电,0,,,1.0,False
300709,精研科技,0,,,1.0,False
300711,广哈通信,0,,,1.0,False
300712,永福股份,95,2026-01-05,2026-05-29,0.1121,True
300713,英可瑞,95,2026-01-05,2026-05-29,0.1121,True
300715,凯伦股份,95,2026-01-05,2026-05-29,0.1121,True
300719,安达维尔,95,2026-01-05,2026-05-29,0.1121,True
300720,海川智能,95,2026-01-05,2026-05-29,0.1121,True
300722,新余国科,95,2026-01-05,2026-05-29,0.1121,True
300727,润禾材料,0,,,1.0,False
300729,乐歌股份,0,,,1.0,False
300730,科创信息,0,,,1.0,False
300731,科创新源,0,,,1.0,False
300733,西菱动力,0,,,1.0,False
300739,明阳电路,95,2026-01-05,2026-05-29,0.1121,True
300740,水羊股份,95,2026-01-05,2026-05-29,0.1121,True
300745,欣锐科技,95,2026-01-05,2026-05-29,0.1121,True
300746,汉嘉数智,95,2026-01-05,2026-05-29,0.1121,True
300752,隆利科技,95,2026-01-05,2026-05-29,0.1121,True
300756,金马游乐,0,,,1.0,False
300758,七彩化学,0,,,1.0,False
300771,智莱科技,0,,,1.0,False
300774,倍杰特,0,,,1.0,False
300778,新城市,0,,,1.0,False
300781,因赛集团,0,,,1.0,False
300784,利安科技,95,2026-01-05,2026-05-29,0.1121,True
300785,值得买,95,2026-01-05,2026-05-29,0.1121,True
300786,国林科技,0,,,1.0,False
300787,海能实业,0,,,1.0,False
300788,中信出版,0,,,1.0,False
300789,唐源电气,0,,,1.0,False
300790,宇瞳光学,0,,,1.0,False
300791,仙乐健康,0,,,1.0,False
300792,壹网壹创,95,2026-01-05,2026-05-29,0.1121,True
300793,佳禾智能,95,2026-01-05,2026-05-29,0.1121,True
300795,米奥会展,95,2026-01-05,2026-05-29,0.1121,True
300796,贝斯美,0,,,1.0,False
300797,钢研纳克,0,,,1.0,False
300798,锦鸡股份,0,,,1.0,False
300801,泰和科技,0,,,1.0,False
300802,矩子科技,0,,,1.0,False
300805,电声股份,0,,,1.0,False
300806,斯迪克,95,2026-01-05,2026-05-29,0.1121,True
300812,易天股份,0,,,1.0,False
300814,中富电路,0,,,1.0,False
300815,玉禾田,0,,,1.0,False
300817,双飞集团,0,,,1.0,False
300818,耐普矿机,0,,,1.0,False
300819,聚杰微纤,0,,,1.0,False
300822,贝仕达克,0,,,1.0,False
300824,北鼎股份,0,,,1.0,False
300825,阿尔特,0,,,1.0,False
300828,锐新科技,85,2026-01-05,2026-05-29,0.2056,True
300829,金丹科技,95,2026-01-05,2026-05-29,0.1121,True
300830,金现代,0,,,1.0,False
300831,派瑞股份,0,,,1.0,False
300833,浩洋股份,0,,,1.0,False
300835,龙磁科技,0,,,1.0,False
300836,佰奥智能,0,,,1.0,False
300840,酷特智能,0,,,1.0,False
300842,帝科股份,0,,,1.0,False
300843,胜蓝股份,95,2026-01-05,2026-05-29,0.1121,True
300847,中船汉光,95,2026-01-05,2026-05-29,0.1121,True
300848,美瑞新材,95,2026-01-05,2026-05-29,0.1121,True
300852,四会富仕,0,,,1.0,False
300853,申昊科技,0,,,1.0,False
300858,科拓生物,0,,,1.0,False
300859,西域旅游,0,,,1.0,False
300862,蓝盾光电,0,,,1.0,False
300863,卡倍亿,0,,,1.0,False
300867,圣元环保,0,,,1.0,False
300869,康泰医学,0,,,1.0,False
300871,回盛生物,0,,,1.0,False
300873,海晨股份,0,,,1.0,False
300875,捷强装备,0,,,1.0,False
300879,大叶股份,0,,,1.0,False
300880,迦南智能,0,,,1.0,False
300881,盛德鑫泰,0,,,1.0,False
300882,万胜智能,0,,,1.0,False
300884,狄耐克,0,,,1.0,False
300885,海昌新材,0,,,1.0,False
300890,翔丰华,95,2026-01-05,2026-05-29,0.1121,True
300891,惠云钛业,0,,,1.0,False
300892,品渥食品,0,,,1.0,False
300893,松原安全,0,,,1.0,False
300895,铜牛信息,0,,,1.0,False
300897,山科智能,0,,,1.0,False
300898,熊猫乳品,0,,,1.0,False
300900,广联航空,0,,,1.0,False
300902,国安达,0,,,1.0,False
300903,科翔股份,95,2026-01-05,2026-05-29,0.1121,True
300904,威力传动,0,,,1.0,False
300905,宝丽迪,0,,,1.0,False
300908,仲景食品,0,,,1.0,False
300909,汇创达,0,,,1.0,False
300911,亿田智能,0,,,1.0,False
300916,朗特智能,0,,,1.0,False
300918,南山智尚,0,,,1.0,False
300920,润阳科技,0,,,1.0,False
300921,南凌科技,0,,,1.0,False
300922,天秦装备,0,,,1.0,False
300927,江天化学,0,,,1.0,False
300928,华安鑫创,0,,,1.0,False
300930,屹通新材,0,,,1.0,False
300932,三友联众,0,,,1.0,False
300933,中辰股份,0,,,1.0,False
300936,中英科技,0,,,1.0,False
300937,药易购,0,,,1.0,False
300938,信测标准,0,,,1.0,False
300939,秋田微,0,,,1.0,False
300940,南极光,0,,,1.0,False
300941,创识科技,0,,,1.0,False
300943,春晖智控,0,,,1.0,False
300945,曼卡龙,0,,,1.0,False
300946,恒而达,0,,,1.0,False
300947,德必集团,0,,,1.0,False
300950,德固特,95,2026-01-05,2026-05-29,0.1121,True
300951,博硕科技,0,,,1.0,False
300952,恒辉安防,0,,,1.0,False
300956,英力股份,0,,,1.0,False
300959,线上线下,0,,,1.0,False
300960,通业科技,0,,,1.0,False
300962,中金辐照,0,,,1.0,False
300963,中洲特材,0,,,1.0,False
300964,本川智能,0,,,1.0,False
300967,晓鸣股份,0,,,1.0,False
300968,格林精密,0,,,1.0,False
300969,恒帅股份,0,,,1.0,False
300973,立高食品,0,,,1.0,False
300975,商络电子,0,,,1.0,False
300976,达瑞电子,0,,,1.0,False
300978,东箭科技,0,,,1.0,False
300980,祥源新材,0,,,1.0,False
300982,苏文电能,0,,,1.0,False
300984,金沃股份,0,,,1.0,False
300985,致远新能,0,,,1.0,False
300986,志特新材,0,,,1.0,False
300987,川网传媒,0,,,1.0,False
300988,津荣天宇,0,,,1.0,False
300989,蕾奥规划,0,,,1.0,False
300990,同飞股份,0,,,1.0,False
300991,创益通,0,,,1.0,False
300993,玉马科技,0,,,1.0,False
300994,久祺股份,0,,,1.0,False
300996,普联软件,0,,,1.0,False
300997,欢乐家,0,,,1.0,False
301005,超捷股份,0,,,1.0,False
301007,德迈仕,0,,,1.0,False
301008,宏昌科技,0,,,1.0,False
301009,可靠股份,0,,,1.0,False
301011,华立科技,0,,,1.0,False
301012,扬电科技,0,,,1.0,False
301013,利和兴,0,,,1.0,False
301016,雷尔伟,0,,,1.0,False
301017,漱玉平民,0,,,1.0,False
301021,英诺激光,0,,,1.0,False
301023,奕帆传动,0,,,1.0,False
301025,读客文化,0,,,1.0,False
301026,浩通科技,0,,,1.0,False
301028,鼎熔岩,0,,,1.0,False
301032,新柴股份,0,,,1.0,False
301033,迈普医学,0,,,1.0,False
301036,双乐股份,0,,,1.0,False
301038,深水规院,0,,,1.0,False
301041,金百泽,0,,,1.0,False
301042,安联锐视,0,,,1.0,False
301048,金鹰重工,0,,,1.0,False
301051,信濠光电,0,,,1.0,False
301052,果麦文化,0,,,1.0,False
301058,中粮科工,0,,,1.0,False
301060,兰卫医学,0,,,1.0,False
301062,上海艾录,0,,,1.0,False
301066,万事利,0,,,1.0,False
301067,显盈科技,0,,,1.0,False
301069,凯盛新材,0,,,1.0,False
301070,开勒股份,0,,,1.0,False
301073,君亭酒店,0,,,1.0,False
301076,新瀚新材,0,,,1.0,False
301077,星华新材,0,,,1.0,False
301080,百普赛斯,0,,,1.0,False
301082,久盛电气,0,,,1.0,False
301083,百胜智能,0,,,1.0,False
301085,亚康股份,0,,,1.0,False
301086,鸿富瀚,0,,,1.0,False
301092,争光股份,0,,,1.0,False
301093,华兰股份,0,,,1.0,False
301096,百诚医药,0,,,1.0,False
301099,雅创电子,0,,,1.0,False
301102,兆讯传媒,0,,,1.0,False
301110,青木科技,0,,,1.0,False
301111,粤万年青,0,,,1.0,False
301112,信邦智能,0,,,1.0,False
301116,益客食品,0,,,1.0,False
301117,佳缘科技,0,,,1.0,False
301119,正强股份,0,,,1.0,False
301120,新特电气,0,,,1.0,False
301121,紫建电子,0,,,1.0,False
301122,采纳股份,0,,,1.0,False
301123,奕东电子,0,,,1.0,False
301128,强瑞技术,0,,,1.0,False
301129,瑞纳智能,0,,,1.0,False
301132,满坤科技,0,,,1.0,False
301135,瑞德智能,0,,,1.0,False
301136,招标股份,0,,,1.0,False
301137,哈焊华通,0,,,1.0,False
301138,华研精机,0,,,1.0,False
301141,中科磁业,0,,,1.0,False
301149,隆华新材,0,,,1.0,False
301150,中一科技,0,,,1.0,False
301151,冠龙节能,0,,,1.0,False
301152,天力锂能,0,,,1.0,False
301157,华塑科技,0,,,1.0,False
301159,三维天地,0,,,1.0,False
301160,翔楼新材,0,,,1.0,False
301161,唯万密封,0,,,1.0,False
301162,国能日新,0,,,1.0,False
301168,通灵股份,0,,,1.0,False
301169,零点有数,0,,,1.0,False
301172,君逸数码,0,,,1.0,False
301173,毓恬冠佳,0,,,1.0,False
301176,逸豪新材,0,,,1.0,False
301179,泽宇智能,0,,,1.0,False
301181,标榜股份,0,,,1.0,False
301183,东田微,0,,,1.0,False
301185,鸥玛软件,0,,,1.0,False
301186,超达装备,0,,,1.0,False
301187,欧圣电气,0,,,1.0,False
301188,力诺药包,0,,,1.0,False
301190,善水科技,0,,,1.0,False
301191,菲菱科思,0,,,1.0,False
301195,北路智控,0,,,1.0,False
301196,唯科科技,0,,,1.0,False
301199,迈赫股份,0,,,1.0,False
301201,诚达药业,0,,,1.0,False
301202,朗威股份,0,,,1.0,False
301206,三元生物,0,,,1.0,False
301208,中亦科技,0,,,1.0,False
301209,联合化学,0,,,1.0,False
301210,金杨精密,0,,,1.0,False
301211,亨迪药业,0,,,1.0,False
301213,观想科技,0,,,1.0,False
301216,万凯新材,0,,,1.0,False
301220,亚香股份,0,,,1.0,False
301221,光庭信息,0,,,1.0,False
301225,恒勃股份,0,,,1.0,False
301226,祥明智能,0,,,1.0,False
301229,纽泰格,0,,,1.0,False
301230,泓博医药,0,,,1.0,False
301239,普瑞眼科,0,,,1.0,False
301246,宏源药业,0,,,1.0,False
301248,杰创智能,0,,,1.0,False
301251,威尔高,0,,,1.0,False
301252,同星科技,0,,,1.0,False
301255,通力科技,0,,,1.0,False
301256,华融化学,0,,,1.0,False
301257,普蕊斯,0,,,1.0,False
301258,富士莱,0,,,1.0,False
301260,格力博,0,,,1.0,False
301261,恒工精密,0,,,1.0,False
301266,宇邦新材,0,,,1.0,False
301270,汉仪股份,0,,,1.0,False
301277,新天地,0,,,1.0,False
301279,金道科技,0,,,1.0,False
301280,珠城科技,0,,,1.0,False
301281,科源制药,0,,,1.0,False
301282,金禄电子,0,,,1.0,False
301285,鸿日达,0,,,1.0,False
301289,国缆检测,0,,,1.0,False
301292,海科新源,0,,,1.0,False
301299,卓创资讯,0,,,1.0,False
301302,华如科技,0,,,1.0,False
301305,朗坤科技,0,,,1.0,False
301306,西测测试,0,,,1.0,False
301307,美利信,0,,,1.0,False
301310,鑫宏业,0,,,1.0,False
301311,昆船智能,0,,,1.0,False
301312,智立方,0,,,1.0,False
301313,凡拓数创,0,,,1.0,False
301315,威士顿,0,,,1.0,False
301318,维海德,0,,,1.0,False
301319,唯特偶,0,,,1.0,False
301320,豪江智能,0,,,1.0,False
301322,绿通科技,0,,,1.0,False
301323,新莱福,0,,,1.0,False
301326,捷邦科技,0,,,1.0,False
301328,维峰电子,0,,,1.0,False
301329,信音电子,0,,,1.0,False
301330,熵基科技,0,,,1.0,False
301331,恩威医药,0,,,1.0,False
301332,德尔玛,0,,,1.0,False
301333,诺思格,0,,,1.0,False
301335,天元宠物,0,,,1.0,False
301337,亚华电子,0,,,1.0,False
301338,凯格精机,0,,,1.0,False
301348,蓝箭电子,0,,,1.0,False
301349,信德新材,0,,,1.0,False
301357,北方长龙,0,,,1.0,False
301360,荣旗科技,0,,,1.0,False
301361,众智科技,0,,,1.0,False
301365,矩阵股份,0,,,1.0,False
301366,一博科技,0,,,1.0,False
301367,瑞迈特,0,,,1.0,False
301368,丰立智能,0,,,1.0,False
301369,联动科技,0,,,1.0,False
301370,国科恒泰,0,,,1.0,False
301378,通达海,0,,,1.0,False
301379,天山电子,0,,,1.0,False
301380,挖金客,0,,,1.0,False
301382,蜂助手,0,,,1.0,False
301383,天键股份,0,,,1.0,False
301387,光大同创,0,,,1.0,False
301388,欣灵电气,0,,,1.0,False
301389,隆扬电子,95,2026-01-05,2026-05-29,0.1121,True
301391,卡莱特,0,,,1.0,False
301393,昊帆生物,0,,,1.0,False
301396,宏景科技,0,,,1.0,False
301397,溯联股份,0,,,1.0,False
301398,星源卓镁,0,,,1.0,False
301399,英特科技,0,,,1.0,False
301408,华人健康,0,,,1.0,False
301413,安培龙,0,,,1.0,False
301419,阿莱德,0,,,1.0,False
301421,波长光电,0,,,1.0,False
301428,世纪恒通,0,,,1.0,False
301439,泓淋电力,0,,,1.0,False
301456,盘古智能,0,,,1.0,False
301459,丰茂股份,0,,,1.0,False
301468,博盈特焊,0,,,1.0,False
301479,弘景光电,0,,,1.0,False
301486,致尚科技,0,,,1.0,False
301488,豪恩汽电,0,,,1.0,False
301489,思泉新材,0,,,1.0,False
301499,维科精密,0,,,1.0,False
301501,恒鑫生活,0,,,1.0,False
301507,民生健康,0,,,1.0,False
301509,金凯生科,0,,,1.0,False
301516,中远通,0,,,1.0,False
301517,陕西华达,0,,,1.0,False
301518,长华化学,0,,,1.0,False
301520,万邦医药,0,,,1.0,False
301525,儒竞科技,0,,,1.0,False
301529,福赛科技,0,,,1.0,False
301533,威马农机,0,,,1.0,False
301535,浙江华远,0,,,1.0,False
301538,骏鼎达,0,,,1.0,False
301548,崇德科技,0,,,1.0,False
301552,科力装备,0,,,1.0,False
301557,常友科技,0,,,1.0,False
301558,三态股份,0,,,1.0,False
301559,中集环科,0,,,1.0,False
301560,众捷汽车,0,,,1.0,False
301566,达利凯普,0,,,1.0,False
301567,贝隆精密,0,,,1.0,False
301568,思泰克,0,,,1.0,False
301577,美信科技,0,,,1.0,False
301578,辰奕智能,0,,,1.0,False
301580,爱迪特,0,,,1.0,False
301581,黄山谷捷,0,,,1.0,False
301585,蓝宇股份,0,,,1.0,False
301586,佳力奇,0,,,1.0,False
301587,中瑞股份,0,,,1.0,False
301590,优优绿能,0,,,1.0,False
301591,肯特股份,0,,,1.0,False
301595,太力科技,0,,,1.0,False
301596,瑞迪智驱,0,,,1.0,False
301598,博科测试,0,,,1.0,False
301601,惠通科技,0,,,1.0,False
301603,乔锋智能,0,,,1.0,False
301607,富特科技,0,,,1.0,False
301608,博实结,0,,,1.0,False
301609,山大电力,0,,,1.0,False
301613,新铝时代,0,,,1.0,False
301616,浙江华业,0,,,1.0,False
301617,博苑新材,0,,,1.0,False
301618,长联科技,0,,,1.0,False
301628,强达电路,0,,,1.0,False
301629,矽电股份,0,,,1.0,False
301630,同宇新材,0,,,1.0,False
301633,港迪技术,0,,,1.0,False
301636,泽润新能,0,,,1.0,False
301662,宏工科技,0,,,1.0,False
600035,楚天高速,0,,,1.0,False
600052,东望时代,0,,,1.0,False
600054,黄山旅游,0,,,1.0,False
600067,冠城新材,0,,,1.0,False
600071,凤凰光学,0,,,1.0,False
600073,光明肉业,0,,,1.0,False
600081,东风科技,0,,,1.0,False
600088,中视传媒,0,,,1.0,False
600101,明星电力,0,,,1.0,False
600103,青山纸业,0,,,1.0,False
600106,重庆路桥,0,,,1.0,False
600108,亚盛集团,0,,,1.0,False
600121,郑州煤电,0,,,1.0,False
600127,金健米业,0,,,1.0,False
600135,乐凯胶片,0,,,1.0,False
600138,中青旅,0,,,1.0,False
600152,维科技术,0,,,1.0,False
600162,香江控股,0,,,1.0,False
600168,武汉控股,0,,,1.0,False
600173,卧龙新能,0,,,1.0,False
600178,东安动力,0,,,1.0,False
600184,光电股份,0,,,1.0,False
600189,泉阳泉,0,,,1.0,False
600191,华资实业,0,,,1.0,False
600195,中牧股份,0,,,1.0,False
600203,福日电子,0,,,1.0,False
600207,安彩高科,0,,,1.0,False
600212,绿能慧充,0,,,1.0,False
600215,派斯林,0,,,1.0,False
600218,全柴动力,0,,,1.0,False
600222,太龙药业,0,,,1.0,False
600229,城市传媒,0,,,1.0,False
600230,沧州大化,0,,,1.0,False
600237,铜峰电子,0,,,1.0,False
600249,两面针,0,,,1.0,False
600250,南京商旅,0,,,1.0,False
600251,冠农股份,0,,,1.0,False
600255,鑫科材料,0,,,1.0,False
600261,阳光照明,0,,,1.0,False
600262,北方股份,0,,,1.0,False
600268,国电南自,0,,,1.0,False
600278,东方创业,0,,,1.0,False
600279,重庆港,0,,,1.0,False
600280,中央商场,0,,,1.0,False
600283,钱江水利,0,,,1.0,False
600284,浦东建设,0,,,1.0,False
600288,大恒科技,0,,,1.0,False
600293,三峡新材,0,,,1.0,False
600300,维维股份,0,,,1.0,False
600310,广西能源,0,,,1.0,False
600313,农发种业,0,,,1.0,False
600318,新力金融,0,,,1.0,False
600327,大东方,0,,,1.0,False
600336,澳柯玛,0,,,1.0,False
600345,长江通信,0,,,1.0,False
600351,亚宝药业,0,,,1.0,False
600354,敦煌种业,0,,,1.0,False
600359,新农开发,0,,,1.0,False
600367,红星发展,0,,,1.0,False
600368,五洲交通,0,,,1.0,False
600371,万向德农,0,,,1.0,False
600379,宝光股份,0,,,1.0,False
600382,广东明珠,0,,,1.0,False
600386,北巴传媒,0,,,1.0,False
600391,航发科技,0,,,1.0,False
600396,华电辽能,0,,,1.0,False
600397,江钨装备,0,,,1.0,False
600400,红豆股份,0,,,1.0,False
600405,动力源,0,,,1.0,False
600419,天润乳业,0,,,1.0,False
600425,青松建化,0,,,1.0,False
600429,三元股份,0,,,1.0,False
600433,冠豪高新,0,,,1.0,False
600439,瑞贝卡,0,,,1.0,False
600449,宁夏建材,0,,,1.0,False
600467,好当家,0,,,1.0,False
600468,百利电气,0,,,1.0,False
600470,六国化工,0,,,1.0,False
600477,杭萧钢构,0,,,1.0,False
600479,千金药业,0,,,1.0,False
600495,晋西车轴,0,,,1.0,False
600496,精工钢构,0,,,1.0,False
600501,航天晨光,0,,,1.0,False
600503,华丽家族,0,,,1.0,False
600505,西昌电力,0,,,1.0,False
600506,统一股份,0,,,1.0,False
600510,黑牡丹,0,,,1.0,False
600512,腾达建设,0,,,1.0,False
600513,联环药业,0,,,1.0,False
600520,三佳科技,0,,,1.0,False
600523,贵航股份,0,,,1.0,False
600527,江南高纤,0,,,1.0,False
600530,交大昂立,0,,,1.0,False
600533,栖霞建设,0,,,1.0,False
600540,新赛股份,0,,,1.0,False
600545,卓郎智能,0,,,1.0,False
600551,时代出版,0,,,1.0,False
600558,大西洋,0,,,1.0,False
600560,金自天正,0,,,1.0,False
600569,安阳钢铁,0,,,1.0,False
600571,信雅达,0,,,1.0,False
600576,祥源文旅,0,,,1.0,False
600590,泰豪科技,0,,,1.0,False
600592,龙溪股份,0,,,1.0,False
600594,益佰制药,0,,,1.0,False
600605,汇通能源,0,,,1.0,False
600609,金杯汽车,0,,,1.0,False
600610,中毅达,0,,,1.0,False
600613,神奇制药,0,,,1.0,False
600616,金枫酒业,0,,,1.0,False
600617,国新能源,0,,,1.0,False
600620,天宸股份,0,,,1.0,False
600622,光大嘉宝,0,,,1.0,False
600626,申达股份,0,,,1.0,False
600628,新世界,0,,,1.0,False
600630,龙头股份,0,,,1.0,False
600638,新黄浦,0,,,1.0,False
600644,乐山电力,0,,,1.0,False
600650,锦江在线,0,,,1.0,False
600653,申华控股,0,,,1.0,False
600658,电子城,0,,,1.0,False
600661,昂立教育,0,,,1.0,False
600668,尖峰集团,0,,,1.0,False
600679,上海凤凰,0,,,1.0,False
600681,百川能源,0,,,1.0,False
600684,珠江股份,0,,,1.0,False
600693,东百集团,0,,,1.0,False
600694,大商股份,0,,,1.0,False
600698,湖南天雁,0,,,1.0,False
600706,曲江文旅,0,,,1.0,False
600708,光明地产,0,,,1.0,False
600713,南京医药,0,,,1.0,False
600714,金瑞矿业,0,,,1.0,False
600721,百花医药,0,,,1.0,False
600722,金牛化工,0,,,1.0,False
600724,宁波富达,0,,,1.0,False
600727,鲁北化工,0,,,1.0,False
600731,湖南海利,0,,,1.0,False
600736,苏州高新,0,,,1.0,False
600738,丽尚国潮,0,,,1.0,False
600742,富维股份,0,,,1.0,False
600749,西藏旅游,0,,,1.0,False
600756,浪潮软件,0,,,1.0,False
600758,辽宁能源,0,,,1.0,False
600769,祥龙电业,0,,,1.0,False
600780,通宝能源,0,,,1.0,False
600784,鲁银投资,0,,,1.0,False
600785,新华百货,0,,,1.0,False
600790,轻纺城,0,,,1.0,False
600792,云煤能源,0,,,1.0,False
600793,宜宾纸业,0,,,1.0,False
600794,保税科技,0,,,1.0,False
600796,钱江生化,0,,,1.0,False
600798,宁波海运,0,,,1.0,False
600805,悦达投资,0,,,1.0,False
600807,济高发展,0,,,1.0,False
600814,杭州解百,0,,,1.0,False
600817,宇通重工,0,,,1.0,False
600819,耀皮玻璃,0,,,1.0,False
600822,上海物贸,0,,,1.0,False
600824,益民集团,0,,,1.0,False
600825,新华传媒,0,,,1.0,False
600826,兰生股份,0,,,1.0,False
600828,茂业商业,0,,,1.0,False
600829,人民同泰,0,,,1.0,False
600830,香溢融通,0,,,1.0,False
600833,第一医药,0,,,1.0,False
600834,申通地铁,0,,,1.0,False
600838,上海九百,0,,,1.0,False
600843,上工申贝,0,,,1.0,False
600846,同济科技,0,,,1.0,False
600851,海欣股份,0,,,1.0,False
600853,龙建股份,0,,,1.0,False
600855,航天长峰,0,,,1.0,False
600858,银座股份,0,,,1.0,False
600860,京城股份,0,,,1.0,False
600865,百大集团,0,,,1.0,False
600868,梅雁吉祥,0,,,1.0,False
600874,创业环保,0,,,1.0,False
600880,博瑞传播,0,,,1.0,False
600939,重庆建工,0,,,1.0,False
600960,渤海汽车,0,,,1.0,False
600962,国投中鲁,0,,,1.0,False
600966,博汇纸业,0,,,1.0,False
600973,宝胜股份,0,,,1.0,False
600976,健民集团,0,,,1.0,False
600979,广安爱众,0,,,1.0,False
600980,北矿科技,0,,,1.0,False
600981,苏豪汇鸿,0,,,1.0,False
600982,宁波能源,0,,,1.0,False
600983,惠而浦,0,,,1.0,False
600987,航民股份,0,,,1.0,False
600992,贵绳股份,0,,,1.0,False
601002,晋亿实业,0,,,1.0,False
601007,金陵饭店,0,,,1.0,False
601008,连云港,0,,,1.0,False
601086,国芳集团,0,,,1.0,False
601113,华鼎股份,0,,,1.0,False
601116,三江购物,0,,,1.0,False
601121,宝地矿业,0,,,1.0,False
601133,柏诚股份,0,,,1.0,False
601177,杭齿前进,0,,,1.0,False
601188,龙江交通,0,,,1.0,False
601218,吉鑫科技,0,,,1.0,False
601226,华电科工,0,,,1.0,False
601330,绿色动力,0,,,1.0,False
601339,百隆东方,0,,,1.0,False
601388,怡球资源,0,,,1.0,False
601579,会稽山,0,,,1.0,False
601588,北辰实业,0,,,1.0,False
601599,浙文影业,0,,,1.0,False
601616,广电电气,0,,,1.0,False
601686,友发集团,0,,,1.0,False
601700,风范股份,0,,,1.0,False
601789,宁波建工,0,,,1.0,False
601798,蓝科高新,0,,,1.0,False
601886,江河集团,0,,,1.0,False
601929,吉视传媒,0,,,1.0,False
601956,东贝集团,0,,,1.0,False
603002,宏昌电子,0,,,1.0,False
603004,鼎龙科技,0,,,1.0,False
603006,联明股份,0,,,1.0,False
603011,合锻智能,0,,,1.0,False
603012,创力集团,0,,,1.0,False
603015,弘讯科技,0,,,1.0,False
603016,新宏泰,0,,,1.0,False
603018,华设集团,0,,,1.0,False
603020,爱普股份,0,,,1.0,False
603031,安孚科技,0,,,1.0,False
603032,德新科技,0,,,1.0,False
603035,常熟汽饰,0,,,1.0,False
603036,如通股份,0,,,1.0,False
603037,凯众股份,0,,,1.0,False
603038,华立股份,0,,,1.0,False
603040,新坐标,0,,,1.0,False
603050,科林电气,0,,,1.0,False
603051,鹿山新材,0,,,1.0,False
603052,可川科技,0,,,1.0,False
603058,永吉股份,0,,,1.0,False
603061,金海通,0,,,1.0,False
603062,麦加芯彩,0,,,1.0,False
603065,宿迁联盛,0,,,1.0,False
603066,音飞储存,0,,,1.0,False
603067,振华股份,0,,,1.0,False
603069,海汽集团,0,,,1.0,False
603070,万控智造,0,,,1.0,False
603076,乐惠国际,0,,,1.0,False
603078,江化微,0,,,1.0,False
603081,大丰实业,0,,,1.0,False
603082,北自科技,0,,,1.0,False
603085,天成自控,0,,,1.0,False
603086,先达股份,0,,,1.0,False
603088,宁波精达,0,,,1.0,False
603091,众鑫股份,0,,,1.0,False
603095,越剑智能,0,,,1.0,False
603096,新经典,0,,,1.0,False
603097,江苏华辰,0,,,1.0,False
603098,森特股份,0,,,1.0,False
603101,汇嘉时代,0,,,1.0,False
603105,芯能科技,0,,,1.0,False
603106,恒银科技,0,,,1.0,False
603107,上海汽配,0,,,1.0,False
603109,神驰机电,0,,,1.0,False
603110,东方材料,0,,,1.0,False
603111,康尼机电,0,,,1.0,False
603112,华翔股份,0,,,1.0,False
603115,海星股份,0,,,1.0,False
603116,红蜻蜓,0,,,1.0,False
603117,万林物流,0,,,1.0,False
603120,肯特催化,0,,,1.0,False
603121,华培动力,0,,,1.0,False
603122,合富中国,0,,,1.0,False
603124,江南新材,0,,,1.0,False
603125,常青科技,0,,,1.0,False
603126,中材节能,0,,,1.0,False
603130,云中马,0,,,1.0,False
603131,上海沪工,0,,,1.0,False
603135,中重科技,0,,,1.0,False
603136,天目湖,0,,,1.0,False
603138,海量数据,0,,,1.0,False
603150,万朗磁塑,0,,,1.0,False
603153,上海建科,0,,,1.0,False
603155,新亚强,0,,,1.0,False
603158,腾龙股份,0,,,1.0,False
603163,圣晖集成,0,,,1.0,False
603165,荣晟环保,0,,,1.0,False
603166,福达股份,0,,,1.0,False
603167,渤海轮渡,0,,,1.0,False
603168,莎普爱思,0,,,1.0,False
603173,福斯达,0,,,1.0,False
603178,圣龙股份,0,,,1.0,False
603181,皇马科技,0,,,1.0,False
603186,华正新材,0,,,1.0,False
603187,海容冷链,0,,,1.0,False
603191,望变电气,0,,,1.0,False
603196,璞源材料,0,,,1.0,False
603199,九华旅游,0,,,1.0,False
603200,上海洗霸,0,,,1.0,False
603203,快克智能,0,,,1.0,False
603205,健尔康,0,,,1.0,False
603206,嘉环科技,0,,,1.0,False
603207,小方制药,0,,,1.0,False
603209,兴通股份,0,,,1.0,False
603210,泰鸿万立,0,,,1.0,False
603211,晋拓股份,0,,,1.0,False
603213,镇洋发展,0,,,1.0,False
603215,比依股份,0,,,1.0,False
603222,济民健康,0,,,1.0,False
603223,恒通股份,0,,,1.0,False
603232,格尔软件,0,,,1.0,False
603237,五芳斋,0,,,1.0,False
603239,浙江仙通,0,,,1.0,False
603257,中国瑞林,0,,,1.0,False
603258,电魂网络,0,,,1.0,False
603266,天龙股份,0,,,1.0,False
603270,金帝股份,0,,,1.0,False
603271,永杰新材,0,,,1.0,False
603273,天元智能,0,,,1.0,False
603275,众辰科技,0,,,1.0,False
603278,大业股份,0,,,1.0,False
603280,南方路机,0,,,1.0,False
603285,键邦股份,0,,,1.0,False
603286,日盈电子,0,,,1.0,False
603289,泰瑞机器,0,,,1.0,False
603291,联合水务,0,,,1.0,False
603301,振德医疗,0,,,1.0,False
603310,巍华新材,0,,,1.0,False
603312,西典新能,0,,,1.0,False
603313,梦百合,0,,,1.0,False
603315,福鞍股份,0,,,1.0,False
603318,水发燃气,0,,,1.0,False
603319,美湖股份,0,,,1.0,False
603322,超讯通信,0,,,1.0,False
603324,盛剑科技,0,,,1.0,False
603325,博隆技术,0,,,1.0,False
603330,天洋新材,0,,,1.0,False
603333,尚纬股份,0,,,1.0,False
603336,宏辉果蔬,0,,,1.0,False
603339,四方科技,0,,,1.0,False
603344,星德胜,0,,,1.0,False
603348,文灿股份,0,,,1.0,False
603350,安乃达,0,,,1.0,False
603357,设计总院,0,,,1.0,False
603366,日出东方,0,,,1.0,False
603367,辰欣药业,0,,,1.0,False
603368,柳药集团,0,,,1.0,False
603373,安邦护卫,0,,,1.0,False
603375,盛景微,0,,,1.0,False
603380,易德龙,0,,,1.0,False
603381,永臻股份,0,,,1.0,False
603382,海阳科技,0,,,1.0,False
603386,骏亚科技,0,,,1.0,False
603390,通达电气,0,,,1.0,False
603396,金辰股份,0,,,1.0,False
603399,永杉锂业,0,,,1.0,False
603400,华之杰,0,,,1.0,False
603409,汇通控股,0,,,1.0,False
603416,信捷电气,0,,,1.0,False
603421,鼎信通讯,0,,,1.0,False
603439,三力制药,0,,,1.0,False
603466,风语筑,0,,,1.0,False
603489,八方股份,0,,,1.0,False
603499,翔港科技,0,,,1.0,False
603500,祥和实业,0,,,1.0,False
603507,振江股份,0,,,1.0,False
603511,爱慕股份,0,,,1.0,False
603518,锦泓集团,0,,,1.0,False
603520,司太立,0,,,1.0,False
603527,众源新材,0,,,1.0,False
603528,多伦科技,0,,,1.0,False
603535,嘉诚国际,0,,,1.0,False
603538,美诺华,0,,,1.0,False
603566,普莱柯,0,,,1.0,False
603569,长久物流,0,,,1.0,False
603577,汇金通,0,,,1.0,False
603579,荣泰健康,0,,,1.0,False
603585,苏利股份,0,,,1.0,False
603586,金麒麟,0,,,1.0,False
603587,地素时尚,0,,,1.0,False
603590,康辰药业,0,,,1.0,False
603598,引力传媒,0,,,1.0,False
603600,永艺股份,0,,,1.0,False
603601,再升科技,0,,,1.0,False
603602,纵横通信,0,,,1.0,False
603607,京华激光,0,,,1.0,False
603610,麒盛科技,0,,,1.0,False
603611,诺力股份,0,,,1.0,False
603615,茶花股份,0,,,1.0,False
603617,君禾股份,0,,,1.0,False
603618,杭电股份,0,,,1.0,False
603626,科森科技,0,,,1.0,False
603628,清源股份,0,,,1.0,False
603629,利通电子,0,,,1.0,False
603630,拉芳家化,0,,,1.0,False
603633,徕木股份,0,,,1.0,False
603648,畅联股份,0,,,1.0,False
603655,朗博科技,0,,,1.0,False
603656,泰禾智能,0,,,1.0,False
603657,春光科技,0,,,1.0,False
603660,苏州科达,0,,,1.0,False
603665,康隆达,0,,,1.0,False
603668,天马科技,0,,,1.0,False
603676,卫信康,0,,,1.0,False
603677,奇精机械,0,,,1.0,False
603680,今创集团,0,,,1.0,False
603681,永冠新材,0,,,1.0,False
603683,晶华新材,0,,,1.0,False
603686,福龙马,0,,,1.0,False
603687,大胜达,0,,,1.0,False
603697,有友食品,0,,,1.0,False
603701,德宏股份,0,,,1.0,False
603703,盛洋科技,0,,,1.0,False
603706,东方环宇,0,,,1.0,False
603708,家家悦,0,,,1.0,False
603711,香飘飘,0,,,1.0,False
603722,阿科力,0,,,1.0,False
603726,朗迪集团,0,,,1.0,False
603727,博迈科,0,,,1.0,False
603738,泰晶科技,0,,,1.0,False
603739,蔚蓝生物,0,,,1.0,False
603757,大元泵业,0,,,1.0,False
603758,秦安股份,0,,,1.0,False
603759,海天股份,0,,,1.0,False
603767,中马传动,0,,,1.0,False
603768,常青股份,0,,,1.0,False
603776,永安行,0,,,1.0,False
603777,来伊份,0,,,1.0,False
603779,威龙股份,0,,,1.0,False
603787,新日股份,0,,,1.0,False
603788,宁波高发,0,,,1.0,False
603790,雅运股份,0,,,1.0,False
603800,洪田股份,0,,,1.0,False
603801,志邦家居,0,,,1.0,False
603811,诚意药业,0,,,1.0,False
603815,交建股份,0,,,1.0,False
603823,百合花,0,,,1.0,False
603848,好太太,0,,,1.0,False
603855,华荣股份,0,,,1.0,False
603859,能科科技,0,,,1.0,False
603861,白云电器,0,,,1.0,False
603867,新化股份,0,,,1.0,False
603878,武进不锈,0,,,1.0,False
603890,春秋电子,0,,,1.0,False
603897,长城科技,0,,,1.0,False
603901,永创智能,0,,,1.0,False
603912,佳力图,0,,,1.0,False
603916,苏博特,0,,,1.0,False
603917,合力科技,0,,,1.0,False
603918,金桥信息,0,,,1.0,False
603928,兴业股份,0,,,1.0,False
603929,亚翔集成,0,,,1.0,False
603931,格林达,0,,,1.0,False
603933,睿能科技,0,,,1.0,False
603936,博敏电子,0,,,1.0,False
603938,三孚股份,0,,,1.0,False
603948,建业股份,0,,,1.0,False
603949,雪龙集团,0,,,1.0,False
603950,长源东谷,0,,,1.0,False
603960,克来机电,0,,,1.0,False
603966,法兰泰克,0,,,1.0,False
603967,中创物流,0,,,1.0,False
603969,银龙股份,0,,,1.0,False
603970,中农立华,0,,,1.0,False
603977,国泰集团,0,,,1.0,False
603980,吉华集团,0,,,1.0,False
603985,恒润股份,0,,,1.0,False
603987,康德莱,0,,,1.0,False
603988,中电电机,0,,,1.0,False
603989,艾华集团,0,,,1.0,False
603990,麦迪科技,0,,,1.0,False
603992,松霖科技,0,,,1.0,False
603998,方盛制药,0,,,1.0,False
603999,读者传媒,0,,,1.0,False
605006,山东玻纤,0,,,1.0,False
605016,百龙创园,0,,,1.0,False
605018,长华集团,0,,,1.0,False
605028,世茂能源,0,,,1.0,False
605050,福然德,0,,,1.0,False
605056,咸亨国际,0,,,1.0,False
605058,澳弘电子,0,,,1.0,False
605060,联德股份,0,,,1.0,False
605066,天正电气,0,,,1.0,False
605068,明新旭腾,0,,,1.0,False
605077,华康股份,0,,,1.0,False
605080,浙江自然,0,,,1.0,False
605086,龙高股份,0,,,1.0,False
605088,冠盛股份,0,,,1.0,False
605098,行动教育,0,,,1.0,False
605100,华丰股份,0,,,1.0,False
605108,同庆楼,0,,,1.0,False
605128,上海沿浦,0,,,1.0,False
605133,嵘泰股份,0,,,1.0,False
605136,丽人丽妆,0,,,1.0,False
605158,华达新材,0,,,1.0,False
605162,新中港,0,,,1.0,False
605166,聚合顺,0,,,1.0,False
605167,利柏特,0,,,1.0,False
605168,三人行,0,,,1.0,False
605169,洪通燃气,0,,,1.0,False
605179,一鸣食品,0,,,1.0,False
605186,健麾信息,0,,,1.0,False
605188,国光连锁,0,,,1.0,False
605196,华通线缆,0,,,1.0,False
605208,永茂泰,0,,,1.0,False
605218,伟时电子,0,,,1.0,False
605228,神通科技,0,,,1.0,False
605258,协和电子,0,,,1.0,False
605259,绿田机械,0,,,1.0,False
605266,健之佳,0,,,1.0,False
605268,王力安防,0,,,1.0,False
605277,新亚电子,0,,,1.0,False
605286,同力天启,0,,,1.0,False
605288,凯迪股份,0,,,1.0,False
605289,罗曼股份,0,,,1.0,False
605298,必得科技,0,,,1.0,False
605299,舒华体育,0,,,1.0,False
605300,佳禾食品,0,,,1.0,False
605305,中际联合,0,,,1.0,False
605319,无锡振华,0,,,1.0,False
605337,李子园,0,,,1.0,False
605338,巴比食品,0,,,1.0,False
605366,宏柏新材,0,,,1.0,False
605368,蓝天燃气,0,,,1.0,False
605378,野马电池,0,,,1.0,False
605388,均瑶健康,0,,,1.0,False
605389,长龄液压,0,,,1.0,False
605398,新炬网络,0,,,1.0,False
605399,晨光新材,0,,,1.0,False
605488,福莱新材,0,,,1.0,False
605500,森林包装,0,,,1.0,False
605577,龙版传媒,0,,,1.0,False
605580,恒盛能源,0,,,1.0,False
605588,冠石科技,0,,,1.0,False
605598,上海港湾,0,,,1.0,False
688010,福光股份,0,,,1.0,False
688020,方邦股份,0,,,1.0,False
688023,安恒信息,0,,,1.0,False
688025,杰普特,0,,,1.0,False
688028,沃尔德,0,,,1.0,False
688031,星环科技,0,,,1.0,False
688035,德邦科技,0,,,1.0,False
688039,当虹科技,0,,,1.0,False
688046,药康生物,0,,,1.0,False
688049,炬芯科技,0,,,1.0,False
688059,华锐精密,0,,,1.0,False
688070,纵横股份,0,,,1.0,False
688071,华依科技,0,,,1.0,False
688073,毕得医药,0,,,1.0,False
688077,大地熊,0,,,1.0,False
688079,美迪凯,0,,,1.0,False
688080,映翰通,0,,,1.0,False
688084,晶品特装,0,,,1.0,False
688085,三友医疗,0,,,1.0,False
688089,嘉必优,0,,,1.0,False
688090,瑞松科技,0,,,1.0,False
688093,世华科技,0,,,1.0,False
688095,福昕软件,0,,,1.0,False
688103,国力电子,0,,,1.0,False
688108,赛诺医疗,0,,,1.0,False
688109,品茗科技,0,,,1.0,False
688112,鼎阳科技,0,,,1.0,False
688117,圣诺生物,0,,,1.0,False
688133,泰坦科技,0,,,1.0,False
688135,利扬芯片,0,,,1.0,False
688136,科兴制药,0,,,1.0,False
688138,清溢光电,0,,,1.0,False
688143,长盈通,0,,,1.0,False
688148,芳源股份,0,,,1.0,False
688151,华强科技,0,,,1.0,False
688152,麒麟信安,0,,,1.0,False
688155,先惠技术,0,,,1.0,False
688159,有方科技,0,,,1.0,False
688160,步科股份,0,,,1.0,False
688162,巨一科技,0,,,1.0,False
688167,炬光科技,0,,,1.0,False
688168,安博通,0,,,1.0,False
688173,希荻微,0,,,1.0,False
688176,亚虹医药,0,,,1.0,False
688179,阿拉丁,0,,,1.0,False
688181,八亿时空,0,,,1.0,False
688186,广大特材,0,,,1.0,False
688191,智洋创新,0,,,1.0,False
688195,腾景科技,0,,,1.0,False
688196,卓越新能,0,,,1.0,False
688197,首药控股,0,,,1.0,False
688199,久日新材,0,,,1.0,False
688202,美迪西,0,,,1.0,False
688207,格灵深瞳,0,,,1.0,False
688210,统联精密,0,,,1.0,False
688212,澳华内镜,0,,,1.0,False
688219,会通股份,0,,,1.0,False
688221,前沿生物,0,,,1.0,False
688222,成都先导,0,,,1.0,False
688225,亚信安全,0,,,1.0,False
688226,威腾电气,0,,,1.0,False
688227,品高股份,0,,,1.0,False
688228,开普云,0,,,1.0,False
688230,芯导科技,0,,,1.0,False
688233,神工股份,0,,,1.0,False
688238,和元生物,0,,,1.0,False
688239,航宇科技,0,,,1.0,False
688244,永信至诚,0,,,1.0,False
688246,嘉和美康,0,,,1.0,False
688253,英诺特,0,,,1.0,False
688255,凯尔达,0,,,1.0,False
688257,新锐股份,0,,,1.0,False
688258,卓易信息,0,,,1.0,False
688259,创耀科技,0,,,1.0,False
688261,东微半导,0,,,1.0,False
688268,华特气体,0,,,1.0,False
688269,凯立新材,0,,,1.0,False
688273,麦澜德,0,,,1.0,False
688275,万润新能,0,,,1.0,False
688277,天智航,0,,,1.0,False
688280,精进电动,0,,,1.0,False
688286,敏芯股份,0,,,1.0,False
688290,景业智能,0,,,1.0,False
688292,浩瀚深度,0,,,1.0,False
688298,东方生物,0,,,1.0,False
688299,长阳科技,0,,,1.0,False
688302,海创药业,0,,,1.0,False
688305,科德数控,0,,,1.0,False
688308,欧科亿,0,,,1.0,False
688311,盟升电子,0,,,1.0,False
688312,燕麦科技,0,,,1.0,False
688315,诺禾致源,0,,,1.0,False
688317,之江生物,0,,,1.0,False
688319,欧林生物,0,,,1.0,False
688320,禾川科技,0,,,1.0,False
688325,赛微微电,0,,,1.0,False
688339,亿华通,0,,,1.0,False
688353,华盛锂电,0,,,1.0,False
688356,键凯科技,0,,,1.0,False
688359,三孚新科,0,,,1.0,False
688360,德马科技,0,,,1.0,False
688365,光云科技,0,,,1.0,False
688368,晶丰明源,0,,,1.0,False
688369,致远互联,0,,,1.0,False
688373,盟科药业,0,,,1.0,False
688376,美埃科技,0,,,1.0,False
688378,奥来德,0,,,1.0,False
688379,华光新材,0,,,1.0,False
688381,帝奥微,0,,,1.0,False
688383,新益昌,0,,,1.0,False
688386,泛亚微透,0,,,1.0,False
688388,嘉元科技,0,,,1.0,False
688389,普门科技,0,,,1.0,False
688392,骄成超声,0,,,1.0,False
688399,硕世生物,0,,,1.0,False
688401,路维光电,0,,,1.0,False
688410,山外山,0,,,1.0,False
688416,恒烁股份,0,,,1.0,False
688418,震有科技,0,,,1.0,False
688428,诺诚健华,0,,,1.0,False
688435,英方软件,0,,,1.0,False
688456,有研粉材,0,,,1.0,False
688458,美芯晟,0,,,1.0,False
688478,晶升股份,0,,,1.0,False
688488,艾迪药业,0,,,1.0,False
688489,三未信安,0,,,1.0,False
688499,利元亨,0,,,1.0,False
688500,慧辰股份,0,,,1.0,False
688505,复旦张江,0,,,1.0,False
688507,索辰科技,0,,,1.0,False
688508,芯朋微,0,,,1.0,False
688510,航亚科技,0,,,1.0,False
688512,慧智微,0,,,1.0,False
688513,苑东生物,0,,,1.0,False
688518,联赢激光,0,,,1.0,False
688529,豪森智能,0,,,1.0,False
688531,日联科技,0,,,1.0,False
688533,上声电子,0,,,1.0,False
688535,华海诚科,0,,,1.0,False
688539,高华科技,0,,,1.0,False
688550,瑞联新材,0,,,1.0,False
688556,高测股份,0,,,1.0,False
688562,航天软件,0,,,1.0,False
688566,吉贝尔,0,,,1.0,False
688577,浙海德曼,0,,,1.0,False
688579,地纬智能,0,,,1.0,False
688580,伟思医疗,0,,,1.0,False
688588,凌志软件,0,,,1.0,False
688589,力合微,0,,,1.0,False
688590,新致软件,0,,,1.0,False
688593,新相微,0,,,1.0,False
688595,芯海科技,0,,,1.0,False
688598,金博股份,0,,,1.0,False
688601,力芯微,0,,,1.0,False
688602,康鹏科技,0,,,1.0,False
688603,天承科技,0,,,1.0,False
688609,九联科技,0,,,1.0,False
688611,杭州柯林,0,,,1.0,False
688620,安凯微,0,,,1.0,False
688621,阳光诺和,0,,,1.0,False
688626,翔宇医疗,0,,,1.0,False
688627,精智达,0,,,1.0,False
688636,智明达,0,,,1.0,False
688648,中邮科技,0,,,1.0,False
688651,盛邦安全,0,,,1.0,False
688653,康希通信,0,,,1.0,False
688656,浩欧博,0,,,1.0,False
688661,和林微纳,0,,,1.0,False
688662,富信科技,0,,,1.0,False
688663,新风光,0,,,1.0,False
688665,四方光电,0,,,1.0,False
688668,鼎通科技,0,,,1.0,False
688677,海泰新光,0,,,1.0,False
688678,福立旺,0,,,1.0,False
688680,海优新材,0,,,1.0,False
688685,迈信林,0,,,1.0,False
688687,凯因科技,0,,,1.0,False
688691,灿芯股份,0,,,1.0,False
688693,锴威特,0,,,1.0,False
688697,纽威数控,0,,,1.0,False
688707,振华新材,0,,,1.0,False
688710,益诺思,0,,,1.0,False
688711,宏微科技,0,,,1.0,False
688716,中研股份,0,,,1.0,False
688719,爱科赛博,0,,,1.0,False
688720,艾森股份,0,,,1.0,False
688721,龙图光罩,0,,,1.0,False
688722,同益中,0,,,1.0,False
688733,壹石通,0,,,1.0,False
688767,博拓生物,0,,,1.0,False
688768,容知日新,0,,,1.0,False
688787,海天瑞声,0,,,1.0,False
688788,科思科技,0,,,1.0,False
688793,倍轻松,0,,,1.0,False
688799,华纳药厂,0,,,1.0,False
920001,纬达光电,0,,,1.0,False
920077,吉林碳谷,0,,,1.0,False
920122,中纺标,0,,,1.0,False
920174,五新智能,0,,,1.0,False
920190,雷神科技,0,,,1.0,False
920208,青矩技术,0,,,1.0,False
920239,长虹能源,0,,,1.0,False
920247,华密新材,0,,,1.0,False
920249,利尔达,0,,,1.0,False
920261,一诺威,0,,,1.0,False
920273,一致魔芋,0,,,1.0,False
920368,连城数控,0,,,1.0,False
920394,民士达,0,,,1.0,False
920402,硅烷科技,0,,,1.0,False
920418,苏轴股份,0,,,1.0,False
920489,佳先股份,0,,,1.0,False
920491,奥迪威,0,,,1.0,False
920509,同惠电子,0,,,1.0,False
920510,丰光精密,0,,,1.0,False
920533,骏创科技,0,,,1.0,False
920571,国航远洋,0,,,1.0,False
920576,天力复合,0,,,1.0,False
920593,鼎智科技,0,,,1.0,False
920599,同力股份,0,,,1.0,False
920640,富士达,0,,,1.0,False
920682,球冠电缆,0,,,1.0,False
920693,阿为特,0,,,1.0,False
920701,豪声电子,0,,,1.0,False
920720,吉冈精密,0,,,1.0,False
920735,德源药业,0,,,1.0,False
920779,武汉蓝电,0,,,1.0,False
920790,联迪信息,0,,,1.0,False
920819,颖泰生物,0,,,1.0,False
920821,则成电子,0,,,1.0,False
920839,万通液压,0,,,1.0,False
920879,基康技术,0,,,1.0,False
920885,星辰科技,0,,,1.0,False
920946,森萱医药,0,,,1.0,False
920953,国子软件,0,,,1.0,False
920971,天马新材,0,,,1.0,False
920978,开特股份,0,,,1.0,False
920985,海泰新能,0,,,1.0,False
